STRUCTURE,STRUCTURE_ID,STRUCTURE_NAME,freq,Time frequency,unit,Unit of measure,facility,Health facility,geo,Geopolitical entity (reporting),TIME_PERIOD,Time,OBS_VALUE,Observation value,OBS_FLAG,Observation status (Flag) V2 structure,CONF_STATUS,Confidentiality status (flag)
dataflow,ESTAT:HLTH_RS_BDS(1.0),Hospital beds by type of care - historical data (1960-2020),A,Annual,NR,Number,HBEDI_PSY,Psychiatric care beds in hospitals (HP.1),AL,Albania,1988,,1273.00,,,,,
dataflow,ESTAT:HLTH_RS_BDS(1.0),Hospital beds by type of care - historical data (1960-2020),A,Annual,NR,Number,HBEDI_PSY,Psychiatric care beds in hospitals (HP.1),AL,Albania,1989,,1201.00,,,,,
dataflow,ESTAT:HLTH_RS_BDS(1.0),Hospital beds by type of care - historical data (1960-2020),A,Annual,NR,Number,HBEDI_PSY,Psychiatric care beds in hospitals (HP.1),AL,Albania,1990,,1269.00,,,,,
dataflow,ESTAT:HLTH_RS_BDS(1.0),Hospital beds by type of care - historical data (1960-2020),A,Annual,NR,Number,HBEDI_PSY,Psychiatric care beds in hospitals (HP.1),AL,Albania,1991,,1299.00,,,,,
dataflow,ESTAT:HLTH_RS_BDS(1.0),Hospital beds by type of care - historical data (1960-2020),A,Annual,NR,Number,HBEDI_PSY,Psychiatric care beds in hospitals (HP.1),AL,Albania,1992,,1302.00,,,,,
dataflow,ESTAT:HLTH_RS_BDS(1.0),Hospital beds by type of care - historical data (1960-2020),A,Annual,NR,Number,HBEDI_PSY,Psychiatric care beds in hospitals (HP.1),AL,Albania,1993,,1021.00,,,,,
dataflow,ESTAT:HLTH_RS_BDS(1.0),Hospital beds by type of care - historical data (1960-2020),A,Annual,NR,Number,HBEDI_PSY,Psychiatric care beds in hospitals (HP.1),AL,Albania,1994,,997.00,,,,,
dataflow,ESTAT:HLTH_RS_BDS(1.0),Hospital beds by type of care - historical data (1960-2020),A,Annual,NR,Number,HBEDI_PSY,Psychiatric care beds in hospitals (HP.1),AL,Albania,1995,,977.00,,,,,
dataflow,ESTAT:HLTH_RS_BDS(1.0),Hospital beds by type of care - historical data (1960-2020),A,Annual,NR,Number,HBEDI_PSY,Psychiatric care beds in hospitals (HP.1),AL,Albania,1996,,977.00,,,,,
dataflow,ESTAT:HLTH_RS_BDS(1.0),Hospital beds by type of care - historical data (1960-2020),A,Annual,NR,Number,HBEDI_PSY,Psychiatric care beds in hospitals (HP.1),AL,Albania,1997,,938.00,,,,,
dataflow,ESTAT:HLTH_RS_BDS(1.0),Hospital beds by type of care - historical data (1960-2020),A,Annual,NR,Number,HBEDI_PSY,Psychiatric care beds in hospitals (HP.1),AL,Albania,1998,,910.00,,,,,
dataflow,ESTAT:HLTH_RS_BDS(1.0),Hospital beds by type of care - historical data (1960-2020),A,Annual,NR,Number,HBEDI_PSY,Psychiatric care beds in hospitals (HP.1),AL,Albania,1999,,935.00,,,,,
dataflow,ESTAT:HLTH_RS_BDS(1.0),Hospital beds by type of care - historical data (1960-2020),A,Annual,NR,Number,HBEDI_PSY,Psychiatric care beds in hospitals (HP.1),AL,Albania,2000,,915.00,,,,,
dataflow,ESTAT:HLTH_RS_BDS(1.0),Hospital beds by type of care - historical data (1960-2020),A,Annual,NR,Number,HBEDI_PSY,Psychiatric care beds in hospitals (HP.1),AL,Albania,2001,,910.00,,,,,
dataflow,ESTAT:HLTH_RS_BDS(1.0),Hospital beds by type of care - historical data (1960-2020),A,Annual,NR,Number,HBEDI_PSY,Psychiatric care beds in hospitals (HP.1),AL,Albania,2002,,910.00,,,,,
dataflow,ESTAT:HLTH_RS_BDS(1.0),Hospital beds by type of care - historical data (1960-2020),A,Annual,NR,Number,HBEDI_PSY,Psychiatric care beds in hospitals (HP.1),AL,Albania,2003,,795.00,,,,,
dataflow,ESTAT:HLTH_RS_BDS(1.0),Hospital beds by type of care - historical data (1960-2020),A,Annual,NR,Number,HBEDI_PSY,Psychiatric care beds in hospitals (HP.1),AL,Albania,2004,,795.00,,,,,
dataflow,ESTAT:HLTH_RS_BDS(1.0),Hospital beds by type of care - historical data (1960-2020),A,Annual,NR,Number,HBEDI_PSY,Psychiatric care beds in hospitals (HP.1),AL,Albania,2005,,795.00,,,,,
dataflow,ESTAT:HLTH_RS_BDS(1.0),Hospital beds by type of care - historical data (1960-2020),A,Annual,NR,Number,HBEDI_PSY,Psychiatric care beds in hospitals (HP.1),AL,Albania,2006,,795.00,,,,,
dataflow,ESTAT:HLTH_RS_BDS(1.0),Hospital beds by type of care - historical data (1960-2020),A,Annual,NR,Number,HBEDI_PSY,Psychiatric care beds in hospitals (HP.1),AL,Albania,2007,,727.00,,,,,
dataflow,ESTAT:HLTH_RS_BDS(1.0),Hospital beds by type of care - historical data (1960-2020),A,Annual,NR,Number,HBEDI_PSY,Psychiatric care beds in hospitals (HP.1),AL,Albania,2009,,692.00,,,,,
dataflow,ESTAT:HLTH_RS_BDS(1.0),Hospital beds by type of care - historical data (1960-2020),A,Annual,NR,Number,HBEDI_PSY,Psychiatric care beds in hospitals (HP.1),AL,Albania,2010,,692.00,,,,,
dataflow,ESTAT:HLTH_RS_BDS(1.0),Hospital beds by type of care - historical data (1960-2020),A,Annual,NR,Number,HBEDI_PSY,Psychiatric care beds in hospitals (HP.1),AL,Albania,2011,,692.00,,,,,
dataflow,ESTAT:HLTH_RS_BDS(1.0),Hospital beds by type of care - historical data (1960-2020),A,Annual,NR,Number,HBEDI_PSY,Psychiatric care beds in hospitals (HP.1),AL,Albania,2012,,745.00,,,,,
dataflow,ESTAT:HLTH_RS_BDS(1.0),Hospital beds by type of care - historical data (1960-2020),A,Annual,NR,Number,HBEDI_PSY,Psychiatric care beds in hospitals (HP.1),AL,Albania,2013,,745.00,,,,,
dataflow,ESTAT:HLTH_RS_BDS(1.0),Hospital beds by type of care - historical data (1960-2020),A,Annual,NR,Number,HBEDI_PSY,Psychiatric care beds in hospitals (HP.1),AT,Austria,1988,,6962.00,,,,,
dataflow,ESTAT:HLTH_RS_BDS(1.0),Hospital beds by type of care - historical data (1960-2020),A,Annual,NR,Number,HBEDI_PSY,Psychiatric care beds in hospitals (HP.1),AT,Austria,1989,,6762.00,,,,,
dataflow,ESTAT:HLTH_RS_BDS(1.0),Hospital beds by type of care - historical data (1960-2020),A,Annual,NR,Number,HBEDI_PSY,Psychiatric care beds in hospitals (HP.1),AT,Austria,1990,,6667.00,,,,,
dataflow,ESTAT:HLTH_RS_BDS(1.0),Hospital beds by type of care - historical data (1960-2020),A,Annual,NR,Number,HBEDI_PSY,Psychiatric care beds in hospitals (HP.1),AT,Austria,1991,,6584.00,,,,,
dataflow,ESTAT:HLTH_RS_BDS(1.0),Hospital beds by type of care - historical data (1960-2020),A,Annual,NR,Number,HBEDI_PSY,Psychiatric care beds in hospitals (HP.1),AT,Austria,1992,,6237.00,,,,,
dataflow,ESTAT:HLTH_RS_BDS(1.0),Hospital beds by type of care - historical data (1960-2020),A,Annual,NR,Number,HBEDI_PSY,Psychiatric care beds in hospitals (HP.1),AT,Austria,1993,,6108.00,,,,,
dataflow,ESTAT:HLTH_RS_BDS(1.0),Hospital beds by type of care - historical data (1960-2020),A,Annual,NR,Number,HBEDI_PSY,Psychiatric care beds in hospitals (HP.1),AT,Austria,1994,,5850.00,,,,,
dataflow,ESTAT:HLTH_RS_BDS(1.0),Hospital beds by type of care - historical data (1960-2020),A,Annual,NR,Number,HBEDI_PSY,Psychiatric care beds in hospitals (HP.1),AT,Austria,1995,,5474.00,,,,,
dataflow,ESTAT:HLTH_RS_BDS(1.0),Hospital beds by type of care - historical data (1960-2020),A,Annual,NR,Number,HBEDI_PSY,Psychiatric care beds in hospitals (HP.1),AT,Austria,1996,,5008.00,,,,,
dataflow,ESTAT:HLTH_RS_BDS(1.0),Hospital beds by type of care - historical data (1960-2020),A,Annual,NR,Number,HBEDI_PSY,Psychiatric care beds in hospitals (HP.1),AT,Austria,1997,,4751.00,,,,,
dataflow,ESTAT:HLTH_RS_BDS(1.0),Hospital beds by type of care - historical data (1960-2020),A,Annual,NR,Number,HBEDI_PSY,Psychiatric care beds in hospitals (HP.1),AT,Austria,1998,,4529.00,,,,,
dataflow,ESTAT:HLTH_RS_BDS(1.0),Hospital beds by type of care - historical data (1960-2020),A,Annual,NR,Number,HBEDI_PSY,Psychiatric care beds in hospitals (HP.1),AT,Austria,1999,,4244.00,,,,,
dataflow,ESTAT:HLTH_RS_BDS(1.0),Hospital beds by type of care - historical data (1960-2020),A,Annual,NR,Number,HBEDI_PSY,Psychiatric care beds in hospitals (HP.1),AT,Austria,2000,,5430.00,,b,break in time series,,
dataflow,ESTAT:HLTH_RS_BDS(1.0),Hospital beds by type of care - historical data (1960-2020),A,Annual,NR,Number,HBEDI_PSY,Psychiatric care beds in hospitals (HP.1),AT,Austria,2001,,5323.00,,,,,
dataflow,ESTAT:HLTH_RS_BDS(1.0),Hospital beds by type of care - historical data (1960-2020),A,Annual,NR,Number,HBEDI_PSY,Psychiatric care beds in hospitals (HP.1),AT,Austria,2002,,5506.00,,,,,
dataflow,ESTAT:HLTH_RS_BDS(1.0),Hospital beds by type of care - historical data (1960-2020),A,Annual,NR,Number,HBEDI_PSY,Psychiatric care beds in hospitals (HP.1),AT,Austria,2003,,5380.00,,,,,
dataflow,ESTAT:HLTH_RS_BDS(1.0),Hospital beds by type of care - historical data (1960-2020),A,Annual,NR,Number,HBEDI_PSY,Psychiatric care beds in hospitals (HP.1),AT,Austria,2004,,5448.00,,,,,
dataflow,ESTAT:HLTH_RS_BDS(1.0),Hospital beds by type of care - historical data (1960-2020),A,Annual,NR,Number,HBEDI_PSY,Psychiatric care beds in hospitals (HP.1),AT,Austria,2005,,5604.00,,,,,
dataflow,ESTAT:HLTH_RS_BDS(1.0),Hospital beds by type of care - historical data (1960-2020),A,Annual,NR,Number,HBEDI_PSY,Psychiatric care beds in hospitals (HP.1),AT,Austria,2006,,5857.00,,,,,
dataflow,ESTAT:HLTH_RS_BDS(1.0),Hospital beds by type of care - historical data (1960-2020),A,Annual,NR,Number,HBEDI_PSY,Psychiatric care beds in hospitals (HP.1),AT,Austria,2007,,6295.00,,,,,
dataflow,ESTAT:HLTH_RS_BDS(1.0),Hospital beds by type of care - historical data (1960-2020),A,Annual,NR,Number,HBEDI_PSY,Psychiatric care beds in hospitals (HP.1),AT,Austria,2008,,6182.00,,,,,
dataflow,ESTAT:HLTH_RS_BDS(1.0),Hospital beds by type of care - historical data (1960-2020),A,Annual,NR,Number,HBEDI_PSY,Psychiatric care beds in hospitals (HP.1),AT,Austria,2009,,6196.00,,,,,
dataflow,ESTAT:HLTH_RS_BDS(1.0),Hospital beds by type of care - historical data (1960-2020),A,Annual,NR,Number,HBEDI_PSY,Psychiatric care beds in hospitals (HP.1),AT,Austria,2010,,5975.00,,,,,
dataflow,ESTAT:HLTH_RS_BDS(1.0),Hospital beds by type of care - historical data (1960-2020),A,Annual,NR,Number,HBEDI_PSY,Psychiatric care beds in hospitals (HP.1),AT,Austria,2011,,5981.00,,,,,
dataflow,ESTAT:HLTH_RS_BDS(1.0),Hospital beds by type of care - historical data (1960-2020),A,Annual,NR,Number,HBEDI_PSY,Psychiatric care beds in hospitals (HP.1),AT,Austria,2012,,6218.00,,,,,
dataflow,ESTAT:HLTH_RS_BDS(1.0),Hospital beds by type of care - historical data (1960-2020),A,Annual,NR,Number,HBEDI_PSY,Psychiatric care beds in hospitals (HP.1),AT,Austria,2013,,6318.00,,,,,
dataflow,ESTAT:HLTH_RS_BDS(1.0),Hospital beds by type of care - historical data (1960-2020),A,Annual,NR,Number,HBEDI_PSY,Psychiatric care beds in hospitals (HP.1),AT,Austria,2014,,6364.00,,,,,
dataflow,ESTAT:HLTH_RS_BDS(1.0),Hospital beds by type of care - historical data (1960-2020),A,Annual,NR,Number,HBEDI_PSY,Psychiatric care beds in hospitals (HP.1),AT,Austria,2015,,6450.00,,,,,
dataflow,ESTAT:HLTH_RS_BDS(1.0),Hospital beds by type of care - historical data (1960-2020),A,Annual,NR,Number,HBEDI_PSY,Psychiatric care beds in hospitals (HP.1),AT,Austria,2016,,6523.00,,,,,
dataflow,ESTAT:HLTH_RS_BDS(1.0),Hospital beds by type of care - historical data (1960-2020),A,Annual,NR,Number,HBEDI_PSY,Psychiatric care beds in hospitals (HP.1),AT,Austria,2017,,6585.00,,,,,
dataflow,ESTAT:HLTH_RS_BDS(1.0),Hospital beds by type of care - historical data (1960-2020),A,Annual,NR,Number,HBEDI_PSY,Psychiatric care beds in hospitals (HP.1),AT,Austria,2018,,6426.00,,,,,
dataflow,ESTAT:HLTH_RS_BDS(1.0),Hospital beds by type of care - historical data (1960-2020),A,Annual,NR,Number,HBEDI_PSY,Psychiatric care beds in hospitals (HP.1),AT,Austria,2019,,6099.00,,,,,
dataflow,ESTAT:HLTH_RS_BDS(1.0),Hospital beds by type of care - historical data (1960-2020),A,Annual,NR,Number,HBEDI_PSY,Psychiatric care beds in hospitals (HP.1),BE,Belgium,1970,,26553.00,,,,,
dataflow,ESTAT:HLTH_RS_BDS(1.0),Hospital beds by type of care - historical data (1960-2020),A,Annual,NR,Number,HBEDI_PSY,Psychiatric care beds in hospitals (HP.1),BE,Belgium,1988,,16423.00,,,,,
dataflow,ESTAT:HLTH_RS_BDS(1.0),Hospital beds by type of care - historical data (1960-2020),A,Annual,NR,Number,HBEDI_PSY,Psychiatric care beds in hospitals (HP.1),BE,Belgium,1989,,16799.00,,,,,
dataflow,ESTAT:HLTH_RS_BDS(1.0),Hospital beds by type of care - historical data (1960-2020),A,Annual,NR,Number,HBEDI_PSY,Psychiatric care beds in hospitals (HP.1),BE,Belgium,1990,,17512.00,,,,,
dataflow,ESTAT:HLTH_RS_BDS(1.0),Hospital beds by type of care - historical data (1960-2020),A,Annual,NR,Number,HBEDI_PSY,Psychiatric care beds in hospitals (HP.1),BE,Belgium,1991,,17380.00,,,,,
dataflow,ESTAT:HLTH_RS_BDS(1.0),Hospital beds by type of care - historical data (1960-2020),A,Annual,NR,Number,HBEDI_PSY,Psychiatric care beds in hospitals (HP.1),BE,Belgium,1992,,17177.00,,,,,
dataflow,ESTAT:HLTH_RS_BDS(1.0),Hospital beds by type of care - historical data (1960-2020),A,Annual,NR,Number,HBEDI_PSY,Psychiatric care beds in hospitals (HP.1),BE,Belgium,1993,,16914.00,,,,,
dataflow,ESTAT:HLTH_RS_BDS(1.0),Hospital beds by type of care - historical data (1960-2020),A,Annual,NR,Number,HBEDI_PSY,Psychiatric care beds in hospitals (HP.1),BE,Belgium,1994,,16559.00,,,,,
dataflow,ESTAT:HLTH_RS_BDS(1.0),Hospital beds by type of care - historical data (1960-2020),A,Annual,NR,Number,HBEDI_PSY,Psychiatric care beds in hospitals (HP.1),BE,Belgium,1995,,16367.00,,,,,
dataflow,ESTAT:HLTH_RS_BDS(1.0),Hospital beds by type of care - historical data (1960-2020),A,Annual,NR,Number,HBEDI_PSY,Psychiatric care beds in hospitals (HP.1),BE,Belgium,1996,,16021.00,,,,,
dataflow,ESTAT:HLTH_RS_BDS(1.0),Hospital beds by type of care - historical data (1960-2020),A,Annual,NR,Number,HBEDI_PSY,Psychiatric care beds in hospitals (HP.1),BE,Belgium,1997,,16243.00,,,,,
dataflow,ESTAT:HLTH_RS_BDS(1.0),Hospital beds by type of care - historical data (1960-2020),A,Annual,NR,Number,HBEDI_PSY,Psychiatric care beds in hospitals (HP.1),BE,Belgium,1998,,16383.00,,,,,
dataflow,ESTAT:HLTH_RS_BDS(1.0),Hospital beds by type of care - historical data (1960-2020),A,Annual,NR,Number,HBEDI_PSY,Psychiatric care beds in hospitals (HP.1),BE,Belgium,1999,,16386.00,,,,,
dataflow,ESTAT:HLTH_RS_BDS(1.0),Hospital beds by type of care - historical data (1960-2020),A,Annual,NR,Number,HBEDI_PSY,Psychiatric care beds in hospitals (HP.1),BE,Belgium,2000,,16231.00,,,,,
dataflow,ESTAT:HLTH_RS_BDS(1.0),Hospital beds by type of care - historical data (1960-2020),A,Annual,NR,Number,HBEDI_PSY,Psychiatric care beds in hospitals (HP.1),BE,Belgium,2001,,15728.00,,,,,
dataflow,ESTAT:HLTH_RS_BDS(1.0),Hospital beds by type of care - historical data (1960-2020),A,Annual,NR,Number,HBEDI_PSY,Psychiatric care beds in hospitals (HP.1),BE,Belgium,2002,,15675.00,,,,,
dataflow,ESTAT:HLTH_RS_BDS(1.0),Hospital beds by type of care - historical data (1960-2020),A,Annual,NR,Number,HBEDI_PSY,Psychiatric care beds in hospitals (HP.1),BE,Belgium,2003,,15682.00,,,,,
dataflow,ESTAT:HLTH_RS_BDS(1.0),Hospital beds by type of care - historical data (1960-2020),A,Annual,NR,Number,HBEDI_PSY,Psychiatric care beds in hospitals (HP.1),BE,Belgium,2004,,15813.00,,,,,
dataflow,ESTAT:HLTH_RS_BDS(1.0),Hospital beds by type of care - historical data (1960-2020),A,Annual,NR,Number,HBEDI_PSY,Psychiatric care beds in hospitals (HP.1),BE,Belgium,2005,,15967.00,,,,,
dataflow,ESTAT:HLTH_RS_BDS(1.0),Hospital beds by type of care - historical data (1960-2020),A,Annual,NR,Number,HBEDI_PSY,Psychiatric care beds in hospitals (HP.1),BE,Belgium,2006,,15924.00,,,,,
dataflow,ESTAT:HLTH_RS_BDS(1.0),Hospital beds by type of care - historical data (1960-2020),A,Annual,NR,Number,HBEDI_PSY,Psychiatric care beds in hospitals (HP.1),BE,Belgium,2007,,15954.00,,,,,
dataflow,ESTAT:HLTH_RS_BDS(1.0),Hospital beds by type of care - historical data (1960-2020),A,Annual,NR,Number,HBEDI_PSY,Psychiatric care beds in hospitals (HP.1),BE,Belgium,2008,,16027.00,,,,,
dataflow,ESTAT:HLTH_RS_BDS(1.0),Hospital beds by type of care - historical data (1960-2020),A,Annual,NR,Number,HBEDI_PSY,Psychiatric care beds in hospitals (HP.1),BE,Belgium,2009,,15991.00,,,,,
dataflow,ESTAT:HLTH_RS_BDS(1.0),Hospital beds by type of care - historical data (1960-2020),A,Annual,NR,Number,HBEDI_PSY,Psychiatric care beds in hospitals (HP.1),BE,Belgium,2010,,16041.00,,,,,
dataflow,ESTAT:HLTH_RS_BDS(1.0),Hospital beds by type of care - historical data (1960-2020),A,Annual,NR,Number,HBEDI_PSY,Psychiatric care beds in hospitals (HP.1),BE,Belgium,2011,,16012.00,,,,,
dataflow,ESTAT:HLTH_RS_BDS(1.0),Hospital beds by type of care - historical data (1960-2020),A,Annual,NR,Number,HBEDI_PSY,Psychiatric care beds in hospitals (HP.1),BE,Belgium,2012,,15952.00,,,,,
dataflow,ESTAT:HLTH_RS_BDS(1.0),Hospital beds by type of care - historical data (1960-2020),A,Annual,NR,Number,HBEDI_PSY,Psychiatric care beds in hospitals (HP.1),BE,Belgium,2013,,15739.00,,,,,
dataflow,ESTAT:HLTH_RS_BDS(1.0),Hospital beds by type of care - historical data (1960-2020),A,Annual,NR,Number,HBEDI_PSY,Psychiatric care beds in hospitals (HP.1),BE,Belgium,2014,,15691.00,,,,,
dataflow,ESTAT:HLTH_RS_BDS(1.0),Hospital beds by type of care - historical data (1960-2020),A,Annual,NR,Number,HBEDI_PSY,Psychiatric care beds in hospitals (HP.1),BE,Belgium,2015,,15818.00,,,,,
dataflow,ESTAT:HLTH_RS_BDS(1.0),Hospital beds by type of care - historical data (1960-2020),A,Annual,NR,Number,HBEDI_PSY,Psychiatric care beds in hospitals (HP.1),BE,Belgium,2016,,15691.00,,,,,
dataflow,ESTAT:HLTH_RS_BDS(1.0),Hospital beds by type of care - historical data (1960-2020),A,Annual,NR,Number,HBEDI_PSY,Psychiatric care beds in hospitals (HP.1),BE,Belgium,2017,,15479.00,,,,,
dataflow,ESTAT:HLTH_RS_BDS(1.0),Hospital beds by type of care - historical data (1960-2020),A,Annual,NR,Number,HBEDI_PSY,Psychiatric care beds in hospitals (HP.1),BE,Belgium,2018,,15452.00,,,,,
dataflow,ESTAT:HLTH_RS_BDS(1.0),Hospital beds by type of care - historical data (1960-2020),A,Annual,NR,Number,HBEDI_PSY,Psychiatric care beds in hospitals (HP.1),BE,Belgium,2019,,16190.00,,b,break in time series,,
dataflow,ESTAT:HLTH_RS_BDS(1.0),Hospital beds by type of care - historical data (1960-2020),A,Annual,NR,Number,HBEDI_PSY,Psychiatric care beds in hospitals (HP.1),BE,Belgium,2020,,16251.00,,,,,
dataflow,ESTAT:HLTH_RS_BDS(1.0),Hospital beds by type of care - historical data (1960-2020),A,Annual,NR,Number,HBEDI_PSY,Psychiatric care beds in hospitals (HP.1),BG,Bulgaria,2000,,5223.00,,,,,
dataflow,ESTAT:HLTH_RS_BDS(1.0),Hospital beds by type of care - historical data (1960-2020),A,Annual,NR,Number,HBEDI_PSY,Psychiatric care beds in hospitals (HP.1),BG,Bulgaria,2001,,5611.00,,,,,
dataflow,ESTAT:HLTH_RS_BDS(1.0),Hospital beds by type of care - historical data (1960-2020),A,Annual,NR,Number,HBEDI_PSY,Psychiatric care beds in hospitals (HP.1),BG,Bulgaria,2002,,5149.00,,,,,
dataflow,ESTAT:HLTH_RS_BDS(1.0),Hospital beds by type of care - historical data (1960-2020),A,Annual,NR,Number,HBEDI_PSY,Psychiatric care beds in hospitals (HP.1),BG,Bulgaria,2003,,5022.00,,,,,
dataflow,ESTAT:HLTH_RS_BDS(1.0),Hospital beds by type of care - historical data (1960-2020),A,Annual,NR,Number,HBEDI_PSY,Psychiatric care beds in hospitals (HP.1),BG,Bulgaria,2004,,5021.00,,,,,
dataflow,ESTAT:HLTH_RS_BDS(1.0),Hospital beds by type of care - historical data (1960-2020),A,Annual,NR,Number,HBEDI_PSY,Psychiatric care beds in hospitals (HP.1),BG,Bulgaria,2005,,5245.00,,b,break in time series,,
dataflow,ESTAT:HLTH_RS_BDS(1.0),Hospital beds by type of care - historical data (1960-2020),A,Annual,NR,Number,HBEDI_PSY,Psychiatric care beds in hospitals (HP.1),BG,Bulgaria,2006,,5150.00,,,,,
dataflow,ESTAT:HLTH_RS_BDS(1.0),Hospital beds by type of care - historical data (1960-2020),A,Annual,NR,Number,HBEDI_PSY,Psychiatric care beds in hospitals (HP.1),BG,Bulgaria,2007,,5138.00,,,,,
dataflow,ESTAT:HLTH_RS_BDS(1.0),Hospital beds by type of care - historical data (1960-2020),A,Annual,NR,Number,HBEDI_PSY,Psychiatric care beds in hospitals (HP.1),BG,Bulgaria,2008,,5120.00,,,,,
dataflow,ESTAT:HLTH_RS_BDS(1.0),Hospital beds by type of care - historical data (1960-2020),A,Annual,NR,Number,HBEDI_PSY,Psychiatric care beds in hospitals (HP.1),BG,Bulgaria,2009,,5179.00,,,,,
dataflow,ESTAT:HLTH_RS_BDS(1.0),Hospital beds by type of care - historical data (1960-2020),A,Annual,NR,Number,HBEDI_PSY,Psychiatric care beds in hospitals (HP.1),BG,Bulgaria,2010,,4888.00,,,,,
dataflow,ESTAT:HLTH_RS_BDS(1.0),Hospital beds by type of care - historical data (1960-2020),A,Annual,NR,Number,HBEDI_PSY,Psychiatric care beds in hospitals (HP.1),BG,Bulgaria,2011,,4614.00,,,,,
dataflow,ESTAT:HLTH_RS_BDS(1.0),Hospital beds by type of care - historical data (1960-2020),A,Annual,NR,Number,HBEDI_PSY,Psychiatric care beds in hospitals (HP.1),BG,Bulgaria,2012,,4665.00,,,,,
dataflow,ESTAT:HLTH_RS_BDS(1.0),Hospital beds by type of care - historical data (1960-2020),A,Annual,NR,Number,HBEDI_PSY,Psychiatric care beds in hospitals (HP.1),BG,Bulgaria,2013,,4792.00,,,,,
dataflow,ESTAT:HLTH_RS_BDS(1.0),Hospital beds by type of care - historical data (1960-2020),A,Annual,NR,Number,HBEDI_PSY,Psychiatric care beds in hospitals (HP.1),BG,Bulgaria,2014,,4823.00,,,,,
dataflow,ESTAT:HLTH_RS_BDS(1.0),Hospital beds by type of care - historical data (1960-2020),A,Annual,NR,Number,HBEDI_PSY,Psychiatric care beds in hospitals (HP.1),BG,Bulgaria,2015,,4929.00,,,,,
dataflow,ESTAT:HLTH_RS_BDS(1.0),Hospital beds by type of care - historical data (1960-2020),A,Annual,NR,Number,HBEDI_PSY,Psychiatric care beds in hospitals (HP.1),BG,Bulgaria,2016,,4007.00,,b,break in time series,,
dataflow,ESTAT:HLTH_RS_BDS(1.0),Hospital beds by type of care - historical data (1960-2020),A,Annual,NR,Number,HBEDI_PSY,Psychiatric care beds in hospitals (HP.1),BG,Bulgaria,2017,,4105.00,,,,,
dataflow,ESTAT:HLTH_RS_BDS(1.0),Hospital beds by type of care - historical data (1960-2020),A,Annual,NR,Number,HBEDI_PSY,Psychiatric care beds in hospitals (HP.1),BG,Bulgaria,2018,,3993.00,,,,,
dataflow,ESTAT:HLTH_RS_BDS(1.0),Hospital beds by type of care - historical data (1960-2020),A,Annual,NR,Number,HBEDI_PSY,Psychiatric care beds in hospitals (HP.1),BG,Bulgaria,2019,,3986.00,,,,,
dataflow,ESTAT:HLTH_RS_BDS(1.0),Hospital beds by type of care - historical data (1960-2020),A,Annual,NR,Number,HBEDI_PSY,Psychiatric care beds in hospitals (HP.1),CH,Switzerland,1998,,8501.00,,,,,
dataflow,ESTAT:HLTH_RS_BDS(1.0),Hospital beds by type of care - historical data (1960-2020),A,Annual,NR,Number,HBEDI_PSY,Psychiatric care beds in hospitals (HP.1),CH,Switzerland,1999,,8581.00,,,,,
dataflow,ESTAT:HLTH_RS_BDS(1.0),Hospital beds by type of care - historical data (1960-2020),A,Annual,NR,Number,HBEDI_PSY,Psychiatric care beds in hospitals (HP.1),CH,Switzerland,2000,,8588.00,,,,,
dataflow,ESTAT:HLTH_RS_BDS(1.0),Hospital beds by type of care - historical data (1960-2020),A,Annual,NR,Number,HBEDI_PSY,Psychiatric care beds in hospitals (HP.1),CH,Switzerland,2001,,8152.00,,,,,
dataflow,ESTAT:HLTH_RS_BDS(1.0),Hospital beds by type of care - historical data (1960-2020),A,Annual,NR,Number,HBEDI_PSY,Psychiatric care beds in hospitals (HP.1),CH,Switzerland,2002,,8029.00,,,,,
dataflow,ESTAT:HLTH_RS_BDS(1.0),Hospital beds by type of care - historical data (1960-2020),A,Annual,NR,Number,HBEDI_PSY,Psychiatric care beds in hospitals (HP.1),CH,Switzerland,2003,,7881.00,,,,,
dataflow,ESTAT:HLTH_RS_BDS(1.0),Hospital beds by type of care - historical data (1960-2020),A,Annual,NR,Number,HBEDI_PSY,Psychiatric care beds in hospitals (HP.1),CH,Switzerland,2004,,7870.00,,,,,
dataflow,ESTAT:HLTH_RS_BDS(1.0),Hospital beds by type of care - historical data (1960-2020),A,Annual,NR,Number,HBEDI_PSY,Psychiatric care beds in hospitals (HP.1),CH,Switzerland,2005,,7867.00,,,,,
dataflow,ESTAT:HLTH_RS_BDS(1.0),Hospital beds by type of care - historical data (1960-2020),A,Annual,NR,Number,HBEDI_PSY,Psychiatric care beds in hospitals (HP.1),CH,Switzerland,2006,,7558.00,,,,,
dataflow,ESTAT:HLTH_RS_BDS(1.0),Hospital beds by type of care - historical data (1960-2020),A,Annual,NR,Number,HBEDI_PSY,Psychiatric care beds in hospitals (HP.1),CH,Switzerland,2007,,7694.00,,,,,
dataflow,ESTAT:HLTH_RS_BDS(1.0),Hospital beds by type of care - historical data (1960-2020),A,Annual,NR,Number,HBEDI_PSY,Psychiatric care beds in hospitals (HP.1),CH,Switzerland,2008,,7675.00,,,,,
dataflow,ESTAT:HLTH_RS_BDS(1.0),Hospital beds by type of care - historical data (1960-2020),A,Annual,NR,Number,HBEDI_PSY,Psychiatric care beds in hospitals (HP.1),CH,Switzerland,2009,,7612.00,,,,,
dataflow,ESTAT:HLTH_RS_BDS(1.0),Hospital beds by type of care - historical data (1960-2020),A,Annual,NR,Number,HBEDI_PSY,Psychiatric care beds in hospitals (HP.1),CH,Switzerland,2010,,7942.00,,,,,
dataflow,ESTAT:HLTH_RS_BDS(1.0),Hospital beds by type of care - historical data (1960-2020),A,Annual,NR,Number,HBEDI_PSY,Psychiatric care beds in hospitals (HP.1),CH,Switzerland,2011,,7683.00,,,,,
dataflow,ESTAT:HLTH_RS_BDS(1.0),Hospital beds by type of care - historical data (1960-2020),A,Annual,NR,Number,HBEDI_PSY,Psychiatric care beds in hospitals (HP.1),CH,Switzerland,2012,,7781.00,,,,,
dataflow,ESTAT:HLTH_RS_BDS(1.0),Hospital beds by type of care - historical data (1960-2020),A,Annual,NR,Number,HBEDI_PSY,Psychiatric care beds in hospitals (HP.1),CH,Switzerland,2013,,7756.00,,,,,
dataflow,ESTAT:HLTH_RS_BDS(1.0),Hospital beds by type of care - historical data (1960-2020),A,Annual,NR,Number,HBEDI_PSY,Psychiatric care beds in hospitals (HP.1),CH,Switzerland,2014,,7550.00,,,,,
dataflow,ESTAT:HLTH_RS_BDS(1.0),Hospital beds by type of care - historical data (1960-2020),A,Annual,NR,Number,HBEDI_PSY,Psychiatric care beds in hospitals (HP.1),CH,Switzerland,2015,,7687.00,,,,,
dataflow,ESTAT:HLTH_RS_BDS(1.0),Hospital beds by type of care - historical data (1960-2020),A,Annual,NR,Number,HBEDI_PSY,Psychiatric care beds in hospitals (HP.1),CH,Switzerland,2016,,7757.00,,,,,
dataflow,ESTAT:HLTH_RS_BDS(1.0),Hospital beds by type of care - historical data (1960-2020),A,Annual,NR,Number,HBEDI_PSY,Psychiatric care beds in hospitals (HP.1),CH,Switzerland,2017,,7909.00,,,,,
dataflow,ESTAT:HLTH_RS_BDS(1.0),Hospital beds by type of care - historical data (1960-2020),A,Annual,NR,Number,HBEDI_PSY,Psychiatric care beds in hospitals (HP.1),CH,Switzerland,2018,,7924.00,,,,,
dataflow,ESTAT:HLTH_RS_BDS(1.0),Hospital beds by type of care - historical data (1960-2020),A,Annual,NR,Number,HBEDI_PSY,Psychiatric care beds in hospitals (HP.1),CH,Switzerland,2019,,7934.00,,,,,
dataflow,ESTAT:HLTH_RS_BDS(1.0),Hospital beds by type of care - historical data (1960-2020),A,Annual,NR,Number,HBEDI_PSY,Psychiatric care beds in hospitals (HP.1),CY,Cyprus,1976,,842.00,,,,,
dataflow,ESTAT:HLTH_RS_BDS(1.0),Hospital beds by type of care - historical data (1960-2020),A,Annual,NR,Number,HBEDI_PSY,Psychiatric care beds in hospitals (HP.1),CY,Cyprus,1977,,902.00,,,,,
dataflow,ESTAT:HLTH_RS_BDS(1.0),Hospital beds by type of care - historical data (1960-2020),A,Annual,NR,Number,HBEDI_PSY,Psychiatric care beds in hospitals (HP.1),CY,Cyprus,1978,,898.00,,,,,
dataflow,ESTAT:HLTH_RS_BDS(1.0),Hospital beds by type of care - historical data (1960-2020),A,Annual,NR,Number,HBEDI_PSY,Psychiatric care beds in hospitals (HP.1),CY,Cyprus,1979,,898.00,,,,,
dataflow,ESTAT:HLTH_RS_BDS(1.0),Hospital beds by type of care - historical data (1960-2020),A,Annual,NR,Number,HBEDI_PSY,Psychiatric care beds in hospitals (HP.1),CY,Cyprus,1980,,918.00,,,,,
dataflow,ESTAT:HLTH_RS_BDS(1.0),Hospital beds by type of care - historical data (1960-2020),A,Annual,NR,Number,HBEDI_PSY,Psychiatric care beds in hospitals (HP.1),CY,Cyprus,1981,,866.00,,,,,
dataflow,ESTAT:HLTH_RS_BDS(1.0),Hospital beds by type of care - historical data (1960-2020),A,Annual,NR,Number,HBEDI_PSY,Psychiatric care beds in hospitals (HP.1),CY,Cyprus,1982,,866.00,,,,,
dataflow,ESTAT:HLTH_RS_BDS(1.0),Hospital beds by type of care - historical data (1960-2020),A,Annual,NR,Number,HBEDI_PSY,Psychiatric care beds in hospitals (HP.1),CY,Cyprus,1983,,871.00,,,,,
dataflow,ESTAT:HLTH_RS_BDS(1.0),Hospital beds by type of care - historical data (1960-2020),A,Annual,NR,Number,HBEDI_PSY,Psychiatric care beds in hospitals (HP.1),CY,Cyprus,1984,,871.00,,,,,
dataflow,ESTAT:HLTH_RS_BDS(1.0),Hospital beds by type of care - historical data (1960-2020),A,Annual,NR,Number,HBEDI_PSY,Psychiatric care beds in hospitals (HP.1),CY,Cyprus,1985,,842.00,,,,,
dataflow,ESTAT:HLTH_RS_BDS(1.0),Hospital beds by type of care - historical data (1960-2020),A,Annual,NR,Number,HBEDI_PSY,Psychiatric care beds in hospitals (HP.1),CY,Cyprus,1986,,839.00,,,,,
dataflow,ESTAT:HLTH_RS_BDS(1.0),Hospital beds by type of care - historical data (1960-2020),A,Annual,NR,Number,HBEDI_PSY,Psychiatric care beds in hospitals (HP.1),CY,Cyprus,1987,,839.00,,,,,
dataflow,ESTAT:HLTH_RS_BDS(1.0),Hospital beds by type of care - historical data (1960-2020),A,Annual,NR,Number,HBEDI_PSY,Psychiatric care beds in hospitals (HP.1),CY,Cyprus,1988,,839.00,,,,,
dataflow,ESTAT:HLTH_RS_BDS(1.0),Hospital beds by type of care - historical data (1960-2020),A,Annual,NR,Number,HBEDI_PSY,Psychiatric care beds in hospitals (HP.1),CY,Cyprus,1989,,840.00,,,,,
dataflow,ESTAT:HLTH_RS_BDS(1.0),Hospital beds by type of care - historical data (1960-2020),A,Annual,NR,Number,HBEDI_PSY,Psychiatric care beds in hospitals (HP.1),CY,Cyprus,1990,,840.00,,,,,
dataflow,ESTAT:HLTH_RS_BDS(1.0),Hospital beds by type of care - historical data (1960-2020),A,Annual,NR,Number,HBEDI_PSY,Psychiatric care beds in hospitals (HP.1),CY,Cyprus,1991,,745.00,,,,,
dataflow,ESTAT:HLTH_RS_BDS(1.0),Hospital beds by type of care - historical data (1960-2020),A,Annual,NR,Number,HBEDI_PSY,Psychiatric care beds in hospitals (HP.1),CY,Cyprus,1992,,703.00,,,,,
dataflow,ESTAT:HLTH_RS_BDS(1.0),Hospital beds by type of care - historical data (1960-2020),A,Annual,NR,Number,HBEDI_PSY,Psychiatric care beds in hospitals (HP.1),CY,Cyprus,1993,,666.00,,,,,
dataflow,ESTAT:HLTH_RS_BDS(1.0),Hospital beds by type of care - historical data (1960-2020),A,Annual,NR,Number,HBEDI_PSY,Psychiatric care beds in hospitals (HP.1),CY,Cyprus,1994,,624.00,,,,,
dataflow,ESTAT:HLTH_RS_BDS(1.0),Hospital beds by type of care - historical data (1960-2020),A,Annual,NR,Number,HBEDI_PSY,Psychiatric care beds in hospitals (HP.1),CY,Cyprus,1995,,624.00,,,,,
dataflow,ESTAT:HLTH_RS_BDS(1.0),Hospital beds by type of care - historical data (1960-2020),A,Annual,NR,Number,HBEDI_PSY,Psychiatric care beds in hospitals (HP.1),CY,Cyprus,1996,,576.00,,,,,
dataflow,ESTAT:HLTH_RS_BDS(1.0),Hospital beds by type of care - historical data (1960-2020),A,Annual,NR,Number,HBEDI_PSY,Psychiatric care beds in hospitals (HP.1),CY,Cyprus,1997,,408.00,,,,,
dataflow,ESTAT:HLTH_RS_BDS(1.0),Hospital beds by type of care - historical data (1960-2020),A,Annual,NR,Number,HBEDI_PSY,Psychiatric care beds in hospitals (HP.1),CY,Cyprus,1998,,376.00,,,,,
dataflow,ESTAT:HLTH_RS_BDS(1.0),Hospital beds by type of care - historical data (1960-2020),A,Annual,NR,Number,HBEDI_PSY,Psychiatric care beds in hospitals (HP.1),CY,Cyprus,1999,,376.00,,,,,
dataflow,ESTAT:HLTH_RS_BDS(1.0),Hospital beds by type of care - historical data (1960-2020),A,Annual,NR,Number,HBEDI_PSY,Psychiatric care beds in hospitals (HP.1),CY,Cyprus,2000,,351.00,,,,,
dataflow,ESTAT:HLTH_RS_BDS(1.0),Hospital beds by type of care - historical data (1960-2020),A,Annual,NR,Number,HBEDI_PSY,Psychiatric care beds in hospitals (HP.1),CY,Cyprus,2001,,266.00,,,,,
dataflow,ESTAT:HLTH_RS_BDS(1.0),Hospital beds by type of care - historical data (1960-2020),A,Annual,NR,Number,HBEDI_PSY,Psychiatric care beds in hospitals (HP.1),CY,Cyprus,2002,,266.00,,,,,
dataflow,ESTAT:HLTH_RS_BDS(1.0),Hospital beds by type of care - historical data (1960-2020),A,Annual,NR,Number,HBEDI_PSY,Psychiatric care beds in hospitals (HP.1),CY,Cyprus,2003,,232.00,,,,,
dataflow,ESTAT:HLTH_RS_BDS(1.0),Hospital beds by type of care - historical data (1960-2020),A,Annual,NR,Number,HBEDI_PSY,Psychiatric care beds in hospitals (HP.1),CY,Cyprus,2004,,229.00,,,,,
dataflow,ESTAT:HLTH_RS_BDS(1.0),Hospital beds by type of care - historical data (1960-2020),A,Annual,NR,Number,HBEDI_PSY,Psychiatric care beds in hospitals (HP.1),CY,Cyprus,2005,,232.00,,,,,
dataflow,ESTAT:HLTH_RS_BDS(1.0),Hospital beds by type of care - historical data (1960-2020),A,Annual,NR,Number,HBEDI_PSY,Psychiatric care beds in hospitals (HP.1),CY,Cyprus,2006,,206.00,,,,,
dataflow,ESTAT:HLTH_RS_BDS(1.0),Hospital beds by type of care - historical data (1960-2020),A,Annual,NR,Number,HBEDI_PSY,Psychiatric care beds in hospitals (HP.1),CY,Cyprus,2007,,206.00,,,,,
dataflow,ESTAT:HLTH_RS_BDS(1.0),Hospital beds by type of care - historical data (1960-2020),A,Annual,NR,Number,HBEDI_PSY,Psychiatric care beds in hospitals (HP.1),CY,Cyprus,2008,,206.00,,,,,
dataflow,ESTAT:HLTH_RS_BDS(1.0),Hospital beds by type of care - historical data (1960-2020),A,Annual,NR,Number,HBEDI_PSY,Psychiatric care beds in hospitals (HP.1),CY,Cyprus,2009,,206.00,,,,,
dataflow,ESTAT:HLTH_RS_BDS(1.0),Hospital beds by type of care - historical data (1960-2020),A,Annual,NR,Number,HBEDI_PSY,Psychiatric care beds in hospitals (HP.1),CY,Cyprus,2010,,189.00,,,,,
dataflow,ESTAT:HLTH_RS_BDS(1.0),Hospital beds by type of care - historical data (1960-2020),A,Annual,NR,Number,HBEDI_PSY,Psychiatric care beds in hospitals (HP.1),CY,Cyprus,2011,,182.00,,,,,
dataflow,ESTAT:HLTH_RS_BDS(1.0),Hospital beds by type of care - historical data (1960-2020),A,Annual,NR,Number,HBEDI_PSY,Psychiatric care beds in hospitals (HP.1),CY,Cyprus,2012,,198.00,,,,,
dataflow,ESTAT:HLTH_RS_BDS(1.0),Hospital beds by type of care - historical data (1960-2020),A,Annual,NR,Number,HBEDI_PSY,Psychiatric care beds in hospitals (HP.1),CY,Cyprus,2013,,186.00,,,,,
dataflow,ESTAT:HLTH_RS_BDS(1.0),Hospital beds by type of care - historical data (1960-2020),A,Annual,NR,Number,HBEDI_PSY,Psychiatric care beds in hospitals (HP.1),CY,Cyprus,2014,,186.00,,,,,
dataflow,ESTAT:HLTH_RS_BDS(1.0),Hospital beds by type of care - historical data (1960-2020),A,Annual,NR,Number,HBEDI_PSY,Psychiatric care beds in hospitals (HP.1),CY,Cyprus,2015,,186.00,,,,,
dataflow,ESTAT:HLTH_RS_BDS(1.0),Hospital beds by type of care - historical data (1960-2020),A,Annual,NR,Number,HBEDI_PSY,Psychiatric care beds in hospitals (HP.1),CY,Cyprus,2016,,186.00,,,,,
dataflow,ESTAT:HLTH_RS_BDS(1.0),Hospital beds by type of care - historical data (1960-2020),A,Annual,NR,Number,HBEDI_PSY,Psychiatric care beds in hospitals (HP.1),CY,Cyprus,2017,,182.00,,,,,
dataflow,ESTAT:HLTH_RS_BDS(1.0),Hospital beds by type of care - historical data (1960-2020),A,Annual,NR,Number,HBEDI_PSY,Psychiatric care beds in hospitals (HP.1),CY,Cyprus,2018,,155.00,,,,,
dataflow,ESTAT:HLTH_RS_BDS(1.0),Hospital beds by type of care - historical data (1960-2020),A,Annual,NR,Number,HBEDI_PSY,Psychiatric care beds in hospitals (HP.1),CY,Cyprus,2019,,136.00,,,,,
dataflow,ESTAT:HLTH_RS_BDS(1.0),Hospital beds by type of care - historical data (1960-2020),A,Annual,NR,Number,HBEDI_PSY,Psychiatric care beds in hospitals (HP.1),CZ,Czechia,1980,,15224.00,,,,,
dataflow,ESTAT:HLTH_RS_BDS(1.0),Hospital beds by type of care - historical data (1960-2020),A,Annual,NR,Number,HBEDI_PSY,Psychiatric care beds in hospitals (HP.1),CZ,Czechia,1985,,15270.00,,,,,
dataflow,ESTAT:HLTH_RS_BDS(1.0),Hospital beds by type of care - historical data (1960-2020),A,Annual,NR,Number,HBEDI_PSY,Psychiatric care beds in hospitals (HP.1),CZ,Czechia,1990,,14510.00,,,,,
dataflow,ESTAT:HLTH_RS_BDS(1.0),Hospital beds by type of care - historical data (1960-2020),A,Annual,NR,Number,HBEDI_PSY,Psychiatric care beds in hospitals (HP.1),CZ,Czechia,1995,,11814.00,,,,,
dataflow,ESTAT:HLTH_RS_BDS(1.0),Hospital beds by type of care - historical data (1960-2020),A,Annual,NR,Number,HBEDI_PSY,Psychiatric care beds in hospitals (HP.1),CZ,Czechia,1996,,11752.00,,,,,
dataflow,ESTAT:HLTH_RS_BDS(1.0),Hospital beds by type of care - historical data (1960-2020),A,Annual,NR,Number,HBEDI_PSY,Psychiatric care beds in hospitals (HP.1),CZ,Czechia,1997,,11758.00,,,,,
dataflow,ESTAT:HLTH_RS_BDS(1.0),Hospital beds by type of care - historical data (1960-2020),A,Annual,NR,Number,HBEDI_PSY,Psychiatric care beds in hospitals (HP.1),CZ,Czechia,1998,,11662.00,,,,,
dataflow,ESTAT:HLTH_RS_BDS(1.0),Hospital beds by type of care - historical data (1960-2020),A,Annual,NR,Number,HBEDI_PSY,Psychiatric care beds in hospitals (HP.1),CZ,Czechia,1999,,11605.00,,,,,
dataflow,ESTAT:HLTH_RS_BDS(1.0),Hospital beds by type of care - historical data (1960-2020),A,Annual,NR,Number,HBEDI_PSY,Psychiatric care beds in hospitals (HP.1),CZ,Czechia,2000,,11609.00,,b,break in time series,,
dataflow,ESTAT:HLTH_RS_BDS(1.0),Hospital beds by type of care - historical data (1960-2020),A,Annual,NR,Number,HBEDI_PSY,Psychiatric care beds in hospitals (HP.1),CZ,Czechia,2001,,11693.00,,,,,
dataflow,ESTAT:HLTH_RS_BDS(1.0),Hospital beds by type of care - historical data (1960-2020),A,Annual,NR,Number,HBEDI_PSY,Psychiatric care beds in hospitals (HP.1),CZ,Czechia,2002,,11591.00,,,,,
dataflow,ESTAT:HLTH_RS_BDS(1.0),Hospital beds by type of care - historical data (1960-2020),A,Annual,NR,Number,HBEDI_PSY,Psychiatric care beds in hospitals (HP.1),CZ,Czechia,2003,,11494.00,,,,,
dataflow,ESTAT:HLTH_RS_BDS(1.0),Hospital beds by type of care - historical data (1960-2020),A,Annual,NR,Number,HBEDI_PSY,Psychiatric care beds in hospitals (HP.1),CZ,Czechia,2004,,11452.00,,,,,
dataflow,ESTAT:HLTH_RS_BDS(1.0),Hospital beds by type of care - historical data (1960-2020),A,Annual,NR,Number,HBEDI_PSY,Psychiatric care beds in hospitals (HP.1),CZ,Czechia,2005,,11297.00,,,,,
dataflow,ESTAT:HLTH_RS_BDS(1.0),Hospital beds by type of care - historical data (1960-2020),A,Annual,NR,Number,HBEDI_PSY,Psychiatric care beds in hospitals (HP.1),CZ,Czechia,2006,,11182.00,,,,,
dataflow,ESTAT:HLTH_RS_BDS(1.0),Hospital beds by type of care - historical data (1960-2020),A,Annual,NR,Number,HBEDI_PSY,Psychiatric care beds in hospitals (HP.1),CZ,Czechia,2007,,11046.00,,,,,
dataflow,ESTAT:HLTH_RS_BDS(1.0),Hospital beds by type of care - historical data (1960-2020),A,Annual,NR,Number,HBEDI_PSY,Psychiatric care beds in hospitals (HP.1),CZ,Czechia,2008,,10936.00,,,,,
dataflow,ESTAT:HLTH_RS_BDS(1.0),Hospital beds by type of care - historical data (1960-2020),A,Annual,NR,Number,HBEDI_PSY,Psychiatric care beds in hospitals (HP.1),CZ,Czechia,2009,,10850.00,,,,,
dataflow,ESTAT:HLTH_RS_BDS(1.0),Hospital beds by type of care - historical data (1960-2020),A,Annual,NR,Number,HBEDI_PSY,Psychiatric care beds in hospitals (HP.1),CZ,Czechia,2010,,10619.00,,b,break in time series,,
dataflow,ESTAT:HLTH_RS_BDS(1.0),Hospital beds by type of care - historical data (1960-2020),A,Annual,NR,Number,HBEDI_PSY,Psychiatric care beds in hospitals (HP.1),CZ,Czechia,2011,,10417.00,,,,,
dataflow,ESTAT:HLTH_RS_BDS(1.0),Hospital beds by type of care - historical data (1960-2020),A,Annual,NR,Number,HBEDI_PSY,Psychiatric care beds in hospitals (HP.1),CZ,Czechia,2012,,10300.00,,,,,
dataflow,ESTAT:HLTH_RS_BDS(1.0),Hospital beds by type of care - historical data (1960-2020),A,Annual,NR,Number,HBEDI_PSY,Psychiatric care beds in hospitals (HP.1),CZ,Czechia,2013,,10047.00,,,,,
dataflow,ESTAT:HLTH_RS_BDS(1.0),Hospital beds by type of care - historical data (1960-2020),A,Annual,NR,Number,HBEDI_PSY,Psychiatric care beds in hospitals (HP.1),CZ,Czechia,2014,,9998.00,,,,,
dataflow,ESTAT:HLTH_RS_BDS(1.0),Hospital beds by type of care - historical data (1960-2020),A,Annual,NR,Number,HBEDI_PSY,Psychiatric care beds in hospitals (HP.1),CZ,Czechia,2015,,10076.00,,,,,
dataflow,ESTAT:HLTH_RS_BDS(1.0),Hospital beds by type of care - historical data (1960-2020),A,Annual,NR,Number,HBEDI_PSY,Psychiatric care beds in hospitals (HP.1),CZ,Czechia,2016,,10074.00,,,,,
dataflow,ESTAT:HLTH_RS_BDS(1.0),Hospital beds by type of care - historical data (1960-2020),A,Annual,NR,Number,HBEDI_PSY,Psychiatric care beds in hospitals (HP.1),CZ,Czechia,2017,,9934.00,,,,,
dataflow,ESTAT:HLTH_RS_BDS(1.0),Hospital beds by type of care - historical data (1960-2020),A,Annual,NR,Number,HBEDI_PSY,Psychiatric care beds in hospitals (HP.1),CZ,Czechia,2018,,9859.00,,,,,
dataflow,ESTAT:HLTH_RS_BDS(1.0),Hospital beds by type of care - historical data (1960-2020),A,Annual,NR,Number,HBEDI_PSY,Psychiatric care beds in hospitals (HP.1),CZ,Czechia,2019,,9869.00,,,,,
dataflow,ESTAT:HLTH_RS_BDS(1.0),Hospital beds by type of care - historical data (1960-2020),A,Annual,NR,Number,HBEDI_PSY,Psychiatric care beds in hospitals (HP.1),DE,Germany,1991,,110439.00,,,,,
dataflow,ESTAT:HLTH_RS_BDS(1.0),Hospital beds by type of care - historical data (1960-2020),A,Annual,NR,Number,HBEDI_PSY,Psychiatric care beds in hospitals (HP.1),DE,Germany,1992,,102452.00,,,,,
dataflow,ESTAT:HLTH_RS_BDS(1.0),Hospital beds by type of care - historical data (1960-2020),A,Annual,NR,Number,HBEDI_PSY,Psychiatric care beds in hospitals (HP.1),DE,Germany,1993,,95302.00,,,,,
dataflow,ESTAT:HLTH_RS_BDS(1.0),Hospital beds by type of care - historical data (1960-2020),A,Annual,NR,Number,HBEDI_PSY,Psychiatric care beds in hospitals (HP.1),DE,Germany,1994,,94551.00,,,,,
dataflow,ESTAT:HLTH_RS_BDS(1.0),Hospital beds by type of care - historical data (1960-2020),A,Annual,NR,Number,HBEDI_PSY,Psychiatric care beds in hospitals (HP.1),DE,Germany,1995,,93843.00,,,,,
dataflow,ESTAT:HLTH_RS_BDS(1.0),Hospital beds by type of care - historical data (1960-2020),A,Annual,NR,Number,HBEDI_PSY,Psychiatric care beds in hospitals (HP.1),DE,Germany,1996,,90950.00,,,,,
dataflow,ESTAT:HLTH_RS_BDS(1.0),Hospital beds by type of care - historical data (1960-2020),A,Annual,NR,Number,HBEDI_PSY,Psychiatric care beds in hospitals (HP.1),DE,Germany,1997,,89439.00,,,,,
dataflow,ESTAT:HLTH_RS_BDS(1.0),Hospital beds by type of care - historical data (1960-2020),A,Annual,NR,Number,HBEDI_PSY,Psychiatric care beds in hospitals (HP.1),DE,Germany,1998,,88814.00,,,,,
dataflow,ESTAT:HLTH_RS_BDS(1.0),Hospital beds by type of care - historical data (1960-2020),A,Annual,NR,Number,HBEDI_PSY,Psychiatric care beds in hospitals (HP.1),DE,Germany,1999,,88426.00,,,,,
dataflow,ESTAT:HLTH_RS_BDS(1.0),Hospital beds by type of care - historical data (1960-2020),A,Annual,NR,Number,HBEDI_PSY,Psychiatric care beds in hospitals (HP.1),DE,Germany,2000,,88345.00,,,,,
dataflow,ESTAT:HLTH_RS_BDS(1.0),Hospital beds by type of care - historical data (1960-2020),A,Annual,NR,Number,HBEDI_PSY,Psychiatric care beds in hospitals (HP.1),DE,Germany,2001,,88494.00,,,,,
dataflow,ESTAT:HLTH_RS_BDS(1.0),Hospital beds by type of care - historical data (1960-2020),A,Annual,NR,Number,HBEDI_PSY,Psychiatric care beds in hospitals (HP.1),DE,Germany,2002,,87213.00,,,,,
dataflow,ESTAT:HLTH_RS_BDS(1.0),Hospital beds by type of care - historical data (1960-2020),A,Annual,NR,Number,HBEDI_PSY,Psychiatric care beds in hospitals (HP.1),DE,Germany,2003,,87965.00,,,,,
dataflow,ESTAT:HLTH_RS_BDS(1.0),Hospital beds by type of care - historical data (1960-2020),A,Annual,NR,Number,HBEDI_PSY,Psychiatric care beds in hospitals (HP.1),DE,Germany,2004,,88116.00,,,,,
dataflow,ESTAT:HLTH_RS_BDS(1.0),Hospital beds by type of care - historical data (1960-2020),A,Annual,NR,Number,HBEDI_PSY,Psychiatric care beds in hospitals (HP.1),DE,Germany,2005,,88284.00,,,,,
dataflow,ESTAT:HLTH_RS_BDS(1.0),Hospital beds by type of care - historical data (1960-2020),A,Annual,NR,Number,HBEDI_PSY,Psychiatric care beds in hospitals (HP.1),DE,Germany,2006,,89352.00,,,,,
dataflow,ESTAT:HLTH_RS_BDS(1.0),Hospital beds by type of care - historical data (1960-2020),A,Annual,NR,Number,HBEDI_PSY,Psychiatric care beds in hospitals (HP.1),DE,Germany,2007,,90574.00,,,,,
dataflow,ESTAT:HLTH_RS_BDS(1.0),Hospital beds by type of care - historical data (1960-2020),A,Annual,NR,Number,HBEDI_PSY,Psychiatric care beds in hospitals (HP.1),DE,Germany,2008,,92537.00,,,,,
dataflow,ESTAT:HLTH_RS_BDS(1.0),Hospital beds by type of care - historical data (1960-2020),A,Annual,NR,Number,HBEDI_PSY,Psychiatric care beds in hospitals (HP.1),DE,Germany,2009,,93982.00,,,,,
dataflow,ESTAT:HLTH_RS_BDS(1.0),Hospital beds by type of care - historical data (1960-2020),A,Annual,NR,Number,HBEDI_PSY,Psychiatric care beds in hospitals (HP.1),DE,Germany,2010,,96426.00,,,,,
dataflow,ESTAT:HLTH_RS_BDS(1.0),Hospital beds by type of care - historical data (1960-2020),A,Annual,NR,Number,HBEDI_PSY,Psychiatric care beds in hospitals (HP.1),DE,Germany,2011,,98719.00,,,,,
dataflow,ESTAT:HLTH_RS_BDS(1.0),Hospital beds by type of care - historical data (1960-2020),A,Annual,NR,Number,HBEDI_PSY,Psychiatric care beds in hospitals (HP.1),DE,Germany,2012,,100675.00,,,,,
dataflow,ESTAT:HLTH_RS_BDS(1.0),Hospital beds by type of care - historical data (1960-2020),A,Annual,NR,Number,HBEDI_PSY,Psychiatric care beds in hospitals (HP.1),DE,Germany,2013,,101850.00,,,,,
dataflow,ESTAT:HLTH_RS_BDS(1.0),Hospital beds by type of care - historical data (1960-2020),A,Annual,NR,Number,HBEDI_PSY,Psychiatric care beds in hospitals (HP.1),DE,Germany,2014,,102916.00,,,,,
dataflow,ESTAT:HLTH_RS_BDS(1.0),Hospital beds by type of care - historical data (1960-2020),A,Annual,NR,Number,HBEDI_PSY,Psychiatric care beds in hospitals (HP.1),DE,Germany,2015,,103992.00,,,,,
dataflow,ESTAT:HLTH_RS_BDS(1.0),Hospital beds by type of care - historical data (1960-2020),A,Annual,NR,Number,HBEDI_PSY,Psychiatric care beds in hospitals (HP.1),DE,Germany,2016,,105026.00,,,,,
dataflow,ESTAT:HLTH_RS_BDS(1.0),Hospital beds by type of care - historical data (1960-2020),A,Annual,NR,Number,HBEDI_PSY,Psychiatric care beds in hospitals (HP.1),DE,Germany,2017,,106176.00,,,,,
dataflow,ESTAT:HLTH_RS_BDS(1.0),Hospital beds by type of care - historical data (1960-2020),A,Annual,NR,Number,HBEDI_PSY,Psychiatric care beds in hospitals (HP.1),DE,Germany,2018,,107508.00,,,,,
dataflow,ESTAT:HLTH_RS_BDS(1.0),Hospital beds by type of care - historical data (1960-2020),A,Annual,NR,Number,HBEDI_PSY,Psychiatric care beds in hospitals (HP.1),DE,Germany,2019,,108519.00,,,,,
dataflow,ESTAT:HLTH_RS_BDS(1.0),Hospital beds by type of care - historical data (1960-2020),A,Annual,NR,Number,HBEDI_PSY,Psychiatric care beds in hospitals (HP.1),DK,Denmark,1972,,10870.00,,,,,
dataflow,ESTAT:HLTH_RS_BDS(1.0),Hospital beds by type of care - historical data (1960-2020),A,Annual,NR,Number,HBEDI_PSY,Psychiatric care beds in hospitals (HP.1),DK,Denmark,1973,,10792.00,,,,,
dataflow,ESTAT:HLTH_RS_BDS(1.0),Hospital beds by type of care - historical data (1960-2020),A,Annual,NR,Number,HBEDI_PSY,Psychiatric care beds in hospitals (HP.1),DK,Denmark,1974,,10673.00,,,,,
dataflow,ESTAT:HLTH_RS_BDS(1.0),Hospital beds by type of care - historical data (1960-2020),A,Annual,NR,Number,HBEDI_PSY,Psychiatric care beds in hospitals (HP.1),DK,Denmark,1975,,10648.00,,,,,
dataflow,ESTAT:HLTH_RS_BDS(1.0),Hospital beds by type of care - historical data (1960-2020),A,Annual,NR,Number,HBEDI_PSY,Psychiatric care beds in hospitals (HP.1),DK,Denmark,1976,,10620.00,,,,,
dataflow,ESTAT:HLTH_RS_BDS(1.0),Hospital beds by type of care - historical data (1960-2020),A,Annual,NR,Number,HBEDI_PSY,Psychiatric care beds in hospitals (HP.1),DK,Denmark,1977,,10070.00,,,,,
dataflow,ESTAT:HLTH_RS_BDS(1.0),Hospital beds by type of care - historical data (1960-2020),A,Annual,NR,Number,HBEDI_PSY,Psychiatric care beds in hospitals (HP.1),DK,Denmark,1978,,9648.00,,,,,
dataflow,ESTAT:HLTH_RS_BDS(1.0),Hospital beds by type of care - historical data (1960-2020),A,Annual,NR,Number,HBEDI_PSY,Psychiatric care beds in hospitals (HP.1),DK,Denmark,1979,,9547.00,,,,,
dataflow,ESTAT:HLTH_RS_BDS(1.0),Hospital beds by type of care - historical data (1960-2020),A,Annual,NR,Number,HBEDI_PSY,Psychiatric care beds in hospitals (HP.1),DK,Denmark,1980,,9352.00,,,,,
dataflow,ESTAT:HLTH_RS_BDS(1.0),Hospital beds by type of care - historical data (1960-2020),A,Annual,NR,Number,HBEDI_PSY,Psychiatric care beds in hospitals (HP.1),DK,Denmark,1981,,8965.00,,,,,
dataflow,ESTAT:HLTH_RS_BDS(1.0),Hospital beds by type of care - historical data (1960-2020),A,Annual,NR,Number,HBEDI_PSY,Psychiatric care beds in hospitals (HP.1),DK,Denmark,1982,,8744.00,,,,,
dataflow,ESTAT:HLTH_RS_BDS(1.0),Hospital beds by type of care - historical data (1960-2020),A,Annual,NR,Number,HBEDI_PSY,Psychiatric care beds in hospitals (HP.1),DK,Denmark,1983,,9405.00,,,,,
dataflow,ESTAT:HLTH_RS_BDS(1.0),Hospital beds by type of care - historical data (1960-2020),A,Annual,NR,Number,HBEDI_PSY,Psychiatric care beds in hospitals (HP.1),DK,Denmark,1984,,9117.00,,,,,
dataflow,ESTAT:HLTH_RS_BDS(1.0),Hospital beds by type of care - historical data (1960-2020),A,Annual,NR,Number,HBEDI_PSY,Psychiatric care beds in hospitals (HP.1),DK,Denmark,1985,,8915.00,,,,,
dataflow,ESTAT:HLTH_RS_BDS(1.0),Hospital beds by type of care - historical data (1960-2020),A,Annual,NR,Number,HBEDI_PSY,Psychiatric care beds in hospitals (HP.1),DK,Denmark,1986,,8743.00,,,,,
dataflow,ESTAT:HLTH_RS_BDS(1.0),Hospital beds by type of care - historical data (1960-2020),A,Annual,NR,Number,HBEDI_PSY,Psychiatric care beds in hospitals (HP.1),DK,Denmark,1987,,5893.00,,b,break in time series,,
dataflow,ESTAT:HLTH_RS_BDS(1.0),Hospital beds by type of care - historical data (1960-2020),A,Annual,NR,Number,HBEDI_PSY,Psychiatric care beds in hospitals (HP.1),DK,Denmark,1988,,5639.00,,,,,
dataflow,ESTAT:HLTH_RS_BDS(1.0),Hospital beds by type of care - historical data (1960-2020),A,Annual,NR,Number,HBEDI_PSY,Psychiatric care beds in hospitals (HP.1),DK,Denmark,1989,,5202.00,,,,,
dataflow,ESTAT:HLTH_RS_BDS(1.0),Hospital beds by type of care - historical data (1960-2020),A,Annual,NR,Number,HBEDI_PSY,Psychiatric care beds in hospitals (HP.1),DK,Denmark,1990,,4906.00,,,,,
dataflow,ESTAT:HLTH_RS_BDS(1.0),Hospital beds by type of care - historical data (1960-2020),A,Annual,NR,Number,HBEDI_PSY,Psychiatric care beds in hospitals (HP.1),DK,Denmark,1991,,4732.00,,,,,
dataflow,ESTAT:HLTH_RS_BDS(1.0),Hospital beds by type of care - historical data (1960-2020),A,Annual,NR,Number,HBEDI_PSY,Psychiatric care beds in hospitals (HP.1),DK,Denmark,1992,,4338.00,,,,,
dataflow,ESTAT:HLTH_RS_BDS(1.0),Hospital beds by type of care - historical data (1960-2020),A,Annual,NR,Number,HBEDI_PSY,Psychiatric care beds in hospitals (HP.1),DK,Denmark,1993,,4252.00,,,,,
dataflow,ESTAT:HLTH_RS_BDS(1.0),Hospital beds by type of care - historical data (1960-2020),A,Annual,NR,Number,HBEDI_PSY,Psychiatric care beds in hospitals (HP.1),DK,Denmark,1994,,4259.00,,,,,
dataflow,ESTAT:HLTH_RS_BDS(1.0),Hospital beds by type of care - historical data (1960-2020),A,Annual,NR,Number,HBEDI_PSY,Psychiatric care beds in hospitals (HP.1),DK,Denmark,1995,,4204.00,,,,,
dataflow,ESTAT:HLTH_RS_BDS(1.0),Hospital beds by type of care - historical data (1960-2020),A,Annual,NR,Number,HBEDI_PSY,Psychiatric care beds in hospitals (HP.1),DK,Denmark,1996,,4209.00,,,,,
dataflow,ESTAT:HLTH_RS_BDS(1.0),Hospital beds by type of care - historical data (1960-2020),A,Annual,NR,Number,HBEDI_PSY,Psychiatric care beds in hospitals (HP.1),DK,Denmark,1997,,4214.00,,,,,
dataflow,ESTAT:HLTH_RS_BDS(1.0),Hospital beds by type of care - historical data (1960-2020),A,Annual,NR,Number,HBEDI_PSY,Psychiatric care beds in hospitals (HP.1),DK,Denmark,1998,,4177.00,,,,,
dataflow,ESTAT:HLTH_RS_BDS(1.0),Hospital beds by type of care - historical data (1960-2020),A,Annual,NR,Number,HBEDI_PSY,Psychiatric care beds in hospitals (HP.1),DK,Denmark,1999,,4198.00,,,,,
dataflow,ESTAT:HLTH_RS_BDS(1.0),Hospital beds by type of care - historical data (1960-2020),A,Annual,NR,Number,HBEDI_PSY,Psychiatric care beds in hospitals (HP.1),DK,Denmark,2000,,4044.00,,,,,
dataflow,ESTAT:HLTH_RS_BDS(1.0),Hospital beds by type of care - historical data (1960-2020),A,Annual,NR,Number,HBEDI_PSY,Psychiatric care beds in hospitals (HP.1),DK,Denmark,2001,,4031.00,,,,,
dataflow,ESTAT:HLTH_RS_BDS(1.0),Hospital beds by type of care - historical data (1960-2020),A,Annual,NR,Number,HBEDI_PSY,Psychiatric care beds in hospitals (HP.1),DK,Denmark,2002,,3965.00,,,,,
dataflow,ESTAT:HLTH_RS_BDS(1.0),Hospital beds by type of care - historical data (1960-2020),A,Annual,NR,Number,HBEDI_PSY,Psychiatric care beds in hospitals (HP.1),DK,Denmark,2003,,3843.00,,,,,
dataflow,ESTAT:HLTH_RS_BDS(1.0),Hospital beds by type of care - historical data (1960-2020),A,Annual,NR,Number,HBEDI_PSY,Psychiatric care beds in hospitals (HP.1),DK,Denmark,2004,,3647.00,,,,,
dataflow,ESTAT:HLTH_RS_BDS(1.0),Hospital beds by type of care - historical data (1960-2020),A,Annual,NR,Number,HBEDI_PSY,Psychiatric care beds in hospitals (HP.1),DK,Denmark,2005,,3541.00,,,,,
dataflow,ESTAT:HLTH_RS_BDS(1.0),Hospital beds by type of care - historical data (1960-2020),A,Annual,NR,Number,HBEDI_PSY,Psychiatric care beds in hospitals (HP.1),DK,Denmark,2006,,3422.00,,,,,
dataflow,ESTAT:HLTH_RS_BDS(1.0),Hospital beds by type of care - historical data (1960-2020),A,Annual,NR,Number,HBEDI_PSY,Psychiatric care beds in hospitals (HP.1),DK,Denmark,2007,,3351.00,,,,,
dataflow,ESTAT:HLTH_RS_BDS(1.0),Hospital beds by type of care - historical data (1960-2020),A,Annual,NR,Number,HBEDI_PSY,Psychiatric care beds in hospitals (HP.1),DK,Denmark,2008,,3212.00,,,,,
dataflow,ESTAT:HLTH_RS_BDS(1.0),Hospital beds by type of care - historical data (1960-2020),A,Annual,NR,Number,HBEDI_PSY,Psychiatric care beds in hospitals (HP.1),DK,Denmark,2009,,3191.00,,,,,
dataflow,ESTAT:HLTH_RS_BDS(1.0),Hospital beds by type of care - historical data (1960-2020),A,Annual,NR,Number,HBEDI_PSY,Psychiatric care beds in hospitals (HP.1),DK,Denmark,2010,,3164.00,,,,,
dataflow,ESTAT:HLTH_RS_BDS(1.0),Hospital beds by type of care - historical data (1960-2020),A,Annual,NR,Number,HBEDI_PSY,Psychiatric care beds in hospitals (HP.1),DK,Denmark,2011,,2967.00,,b,break in time series,,
dataflow,ESTAT:HLTH_RS_BDS(1.0),Hospital beds by type of care - historical data (1960-2020),A,Annual,NR,Number,HBEDI_PSY,Psychiatric care beds in hospitals (HP.1),DK,Denmark,2013,,3020.00,,,,,
dataflow,ESTAT:HLTH_RS_BDS(1.0),Hospital beds by type of care - historical data (1960-2020),A,Annual,NR,Number,HBEDI_PSY,Psychiatric care beds in hospitals (HP.1),DK,Denmark,2016,,2275.00,,,,,
dataflow,ESTAT:HLTH_RS_BDS(1.0),Hospital beds by type of care - historical data (1960-2020),A,Annual,NR,Number,HBEDI_PSY,Psychiatric care beds in hospitals (HP.1),DK,Denmark,2017,,2694.00,,,,,
dataflow,ESTAT:HLTH_RS_BDS(1.0),Hospital beds by type of care - historical data (1960-2020),A,Annual,NR,Number,HBEDI_PSY,Psychiatric care beds in hospitals (HP.1),DK,Denmark,2018,,2793.00,,,,,
dataflow,ESTAT:HLTH_RS_BDS(1.0),Hospital beds by type of care - historical data (1960-2020),A,Annual,NR,Number,HBEDI_PSY,Psychiatric care beds in hospitals (HP.1),DK,Denmark,2019,,3002.00,,,,,
dataflow,ESTAT:HLTH_RS_BDS(1.0),Hospital beds by type of care - historical data (1960-2020),A,Annual,NR,Number,HBEDI_PSY,Psychiatric care beds in hospitals (HP.1),DK,Denmark,2020,,3023.00,,p,provisional,,
dataflow,ESTAT:HLTH_RS_BDS(1.0),Hospital beds by type of care - historical data (1960-2020),A,Annual,NR,Number,HBEDI_PSY,Psychiatric care beds in hospitals (HP.1),EE,Estonia,1994,,1585.00,,,,,
dataflow,ESTAT:HLTH_RS_BDS(1.0),Hospital beds by type of care - historical data (1960-2020),A,Annual,NR,Number,HBEDI_PSY,Psychiatric care beds in hospitals (HP.1),EE,Estonia,1995,,1527.00,,,,,
dataflow,ESTAT:HLTH_RS_BDS(1.0),Hospital beds by type of care - historical data (1960-2020),A,Annual,NR,Number,HBEDI_PSY,Psychiatric care beds in hospitals (HP.1),EE,Estonia,1996,,1413.00,,,,,
dataflow,ESTAT:HLTH_RS_BDS(1.0),Hospital beds by type of care - historical data (1960-2020),A,Annual,NR,Number,HBEDI_PSY,Psychiatric care beds in hospitals (HP.1),EE,Estonia,1997,,1361.00,,,,,
dataflow,ESTAT:HLTH_RS_BDS(1.0),Hospital beds by type of care - historical data (1960-2020),A,Annual,NR,Number,HBEDI_PSY,Psychiatric care beds in hospitals (HP.1),EE,Estonia,1998,,1235.00,,,,,
dataflow,ESTAT:HLTH_RS_BDS(1.0),Hospital beds by type of care - historical data (1960-2020),A,Annual,NR,Number,HBEDI_PSY,Psychiatric care beds in hospitals (HP.1),EE,Estonia,1999,,1128.00,,,,,
dataflow,ESTAT:HLTH_RS_BDS(1.0),Hospital beds by type of care - historical data (1960-2020),A,Annual,NR,Number,HBEDI_PSY,Psychiatric care beds in hospitals (HP.1),EE,Estonia,2000,,1083.00,,,,,
dataflow,ESTAT:HLTH_RS_BDS(1.0),Hospital beds by type of care - historical data (1960-2020),A,Annual,NR,Number,HBEDI_PSY,Psychiatric care beds in hospitals (HP.1),EE,Estonia,2001,,933.00,,,,,
dataflow,ESTAT:HLTH_RS_BDS(1.0),Hospital beds by type of care - historical data (1960-2020),A,Annual,NR,Number,HBEDI_PSY,Psychiatric care beds in hospitals (HP.1),EE,Estonia,2002,,882.00,,,,,
dataflow,ESTAT:HLTH_RS_BDS(1.0),Hospital beds by type of care - historical data (1960-2020),A,Annual,NR,Number,HBEDI_PSY,Psychiatric care beds in hospitals (HP.1),EE,Estonia,2003,,765.00,,,,,
dataflow,ESTAT:HLTH_RS_BDS(1.0),Hospital beds by type of care - historical data (1960-2020),A,Annual,NR,Number,HBEDI_PSY,Psychiatric care beds in hospitals (HP.1),EE,Estonia,2004,,681.00,,,,,
dataflow,ESTAT:HLTH_RS_BDS(1.0),Hospital beds by type of care - historical data (1960-2020),A,Annual,NR,Number,HBEDI_PSY,Psychiatric care beds in hospitals (HP.1),EE,Estonia,2005,,723.00,,,,,
dataflow,ESTAT:HLTH_RS_BDS(1.0),Hospital beds by type of care - historical data (1960-2020),A,Annual,NR,Number,HBEDI_PSY,Psychiatric care beds in hospitals (HP.1),EE,Estonia,2006,,743.00,,,,,
dataflow,ESTAT:HLTH_RS_BDS(1.0),Hospital beds by type of care - historical data (1960-2020),A,Annual,NR,Number,HBEDI_PSY,Psychiatric care beds in hospitals (HP.1),EE,Estonia,2007,,742.00,,,,,
dataflow,ESTAT:HLTH_RS_BDS(1.0),Hospital beds by type of care - historical data (1960-2020),A,Annual,NR,Number,HBEDI_PSY,Psychiatric care beds in hospitals (HP.1),EE,Estonia,2008,,744.00,,,,,
dataflow,ESTAT:HLTH_RS_BDS(1.0),Hospital beds by type of care - historical data (1960-2020),A,Annual,NR,Number,HBEDI_PSY,Psychiatric care beds in hospitals (HP.1),EE,Estonia,2009,,721.00,,,,,
dataflow,ESTAT:HLTH_RS_BDS(1.0),Hospital beds by type of care - historical data (1960-2020),A,Annual,NR,Number,HBEDI_PSY,Psychiatric care beds in hospitals (HP.1),EE,Estonia,2010,,712.00,,,,,
dataflow,ESTAT:HLTH_RS_BDS(1.0),Hospital beds by type of care - historical data (1960-2020),A,Annual,NR,Number,HBEDI_PSY,Psychiatric care beds in hospitals (HP.1),EE,Estonia,2011,,717.00,,,,,
dataflow,ESTAT:HLTH_RS_BDS(1.0),Hospital beds by type of care - historical data (1960-2020),A,Annual,NR,Number,HBEDI_PSY,Psychiatric care beds in hospitals (HP.1),EE,Estonia,2012,,712.00,,,,,
dataflow,ESTAT:HLTH_RS_BDS(1.0),Hospital beds by type of care - historical data (1960-2020),A,Annual,NR,Number,HBEDI_PSY,Psychiatric care beds in hospitals (HP.1),EE,Estonia,2013,,690.00,,b,break in time series,,
dataflow,ESTAT:HLTH_RS_BDS(1.0),Hospital beds by type of care - historical data (1960-2020),A,Annual,NR,Number,HBEDI_PSY,Psychiatric care beds in hospitals (HP.1),EE,Estonia,2014,,690.00,,,,,
dataflow,ESTAT:HLTH_RS_BDS(1.0),Hospital beds by type of care - historical data (1960-2020),A,Annual,NR,Number,HBEDI_PSY,Psychiatric care beds in hospitals (HP.1),EE,Estonia,2015,,688.00,,,,,
dataflow,ESTAT:HLTH_RS_BDS(1.0),Hospital beds by type of care - historical data (1960-2020),A,Annual,NR,Number,HBEDI_PSY,Psychiatric care beds in hospitals (HP.1),EE,Estonia,2016,,671.00,,,,,
dataflow,ESTAT:HLTH_RS_BDS(1.0),Hospital beds by type of care - historical data (1960-2020),A,Annual,NR,Number,HBEDI_PSY,Psychiatric care beds in hospitals (HP.1),EE,Estonia,2017,,675.00,,,,,
dataflow,ESTAT:HLTH_RS_BDS(1.0),Hospital beds by type of care - historical data (1960-2020),A,Annual,NR,Number,HBEDI_PSY,Psychiatric care beds in hospitals (HP.1),EE,Estonia,2018,,682.00,,,,,
dataflow,ESTAT:HLTH_RS_BDS(1.0),Hospital beds by type of care - historical data (1960-2020),A,Annual,NR,Number,HBEDI_PSY,Psychiatric care beds in hospitals (HP.1),EE,Estonia,2019,,672.00,,,,,
dataflow,ESTAT:HLTH_RS_BDS(1.0),Hospital beds by type of care - historical data (1960-2020),A,Annual,NR,Number,HBEDI_PSY,Psychiatric care beds in hospitals (HP.1),EL,Greece,1993,,11489.00,,,,,
dataflow,ESTAT:HLTH_RS_BDS(1.0),Hospital beds by type of care - historical data (1960-2020),A,Annual,NR,Number,HBEDI_PSY,Psychiatric care beds in hospitals (HP.1),EL,Greece,1994,,10654.00,,,,,
dataflow,ESTAT:HLTH_RS_BDS(1.0),Hospital beds by type of care - historical data (1960-2020),A,Annual,NR,Number,HBEDI_PSY,Psychiatric care beds in hospitals (HP.1),EL,Greece,1995,,11530.00,,,,,
dataflow,ESTAT:HLTH_RS_BDS(1.0),Hospital beds by type of care - historical data (1960-2020),A,Annual,NR,Number,HBEDI_PSY,Psychiatric care beds in hospitals (HP.1),EL,Greece,1996,,11205.00,,,,,
dataflow,ESTAT:HLTH_RS_BDS(1.0),Hospital beds by type of care - historical data (1960-2020),A,Annual,NR,Number,HBEDI_PSY,Psychiatric care beds in hospitals (HP.1),EL,Greece,1997,,11236.00,,,,,
dataflow,ESTAT:HLTH_RS_BDS(1.0),Hospital beds by type of care - historical data (1960-2020),A,Annual,NR,Number,HBEDI_PSY,Psychiatric care beds in hospitals (HP.1),EL,Greece,1998,,11323.00,,,,,
dataflow,ESTAT:HLTH_RS_BDS(1.0),Hospital beds by type of care - historical data (1960-2020),A,Annual,NR,Number,HBEDI_PSY,Psychiatric care beds in hospitals (HP.1),EL,Greece,1999,,10552.00,,,,,
dataflow,ESTAT:HLTH_RS_BDS(1.0),Hospital beds by type of care - historical data (1960-2020),A,Annual,NR,Number,HBEDI_PSY,Psychiatric care beds in hospitals (HP.1),EL,Greece,2000,,10626.00,,,,,
dataflow,ESTAT:HLTH_RS_BDS(1.0),Hospital beds by type of care - historical data (1960-2020),A,Annual,NR,Number,HBEDI_PSY,Psychiatric care beds in hospitals (HP.1),EL,Greece,2001,,10218.00,,,,,
dataflow,ESTAT:HLTH_RS_BDS(1.0),Hospital beds by type of care - historical data (1960-2020),A,Annual,NR,Number,HBEDI_PSY,Psychiatric care beds in hospitals (HP.1),EL,Greece,2002,,10158.00,,,,,
dataflow,ESTAT:HLTH_RS_BDS(1.0),Hospital beds by type of care - historical data (1960-2020),A,Annual,NR,Number,HBEDI_PSY,Psychiatric care beds in hospitals (HP.1),EL,Greece,2003,,9693.00,,,,,
dataflow,ESTAT:HLTH_RS_BDS(1.0),Hospital beds by type of care - historical data (1960-2020),A,Annual,NR,Number,HBEDI_PSY,Psychiatric care beds in hospitals (HP.1),EL,Greece,2004,,9902.00,,,,,
dataflow,ESTAT:HLTH_RS_BDS(1.0),Hospital beds by type of care - historical data (1960-2020),A,Annual,NR,Number,HBEDI_PSY,Psychiatric care beds in hospitals (HP.1),EL,Greece,2005,,9627.00,,,,,
dataflow,ESTAT:HLTH_RS_BDS(1.0),Hospital beds by type of care - historical data (1960-2020),A,Annual,NR,Number,HBEDI_PSY,Psychiatric care beds in hospitals (HP.1),EL,Greece,2006,,9736.00,,,,,
dataflow,ESTAT:HLTH_RS_BDS(1.0),Hospital beds by type of care - historical data (1960-2020),A,Annual,NR,Number,HBEDI_PSY,Psychiatric care beds in hospitals (HP.1),EL,Greece,2007,,9644.00,,,,,
dataflow,ESTAT:HLTH_RS_BDS(1.0),Hospital beds by type of care - historical data (1960-2020),A,Annual,NR,Number,HBEDI_PSY,Psychiatric care beds in hospitals (HP.1),EL,Greece,2008,,9235.00,,,,,
dataflow,ESTAT:HLTH_RS_BDS(1.0),Hospital beds by type of care - historical data (1960-2020),A,Annual,NR,Number,HBEDI_PSY,Psychiatric care beds in hospitals (HP.1),EL,Greece,2009,,8975.00,,,,,
dataflow,ESTAT:HLTH_RS_BDS(1.0),Hospital beds by type of care - historical data (1960-2020),A,Annual,NR,Number,HBEDI_PSY,Psychiatric care beds in hospitals (HP.1),EL,Greece,2010,,8372.00,,,,,
dataflow,ESTAT:HLTH_RS_BDS(1.0),Hospital beds by type of care - historical data (1960-2020),A,Annual,NR,Number,HBEDI_PSY,Psychiatric care beds in hospitals (HP.1),EL,Greece,2011,,8145.00,,,,,
dataflow,ESTAT:HLTH_RS_BDS(1.0),Hospital beds by type of care - historical data (1960-2020),A,Annual,NR,Number,HBEDI_PSY,Psychiatric care beds in hospitals (HP.1),EL,Greece,2012,,8451.00,,,,,
dataflow,ESTAT:HLTH_RS_BDS(1.0),Hospital beds by type of care - historical data (1960-2020),A,Annual,NR,Number,HBEDI_PSY,Psychiatric care beds in hospitals (HP.1),EL,Greece,2013,,7651.00,,,,,
dataflow,ESTAT:HLTH_RS_BDS(1.0),Hospital beds by type of care - historical data (1960-2020),A,Annual,NR,Number,HBEDI_PSY,Psychiatric care beds in hospitals (HP.1),EL,Greece,2014,,7838.00,,,,,
dataflow,ESTAT:HLTH_RS_BDS(1.0),Hospital beds by type of care - historical data (1960-2020),A,Annual,NR,Number,HBEDI_PSY,Psychiatric care beds in hospitals (HP.1),EL,Greece,2015,,7911.00,,,,,
dataflow,ESTAT:HLTH_RS_BDS(1.0),Hospital beds by type of care - historical data (1960-2020),A,Annual,NR,Number,HBEDI_PSY,Psychiatric care beds in hospitals (HP.1),EL,Greece,2016,,7624.00,,,,,
dataflow,ESTAT:HLTH_RS_BDS(1.0),Hospital beds by type of care - historical data (1960-2020),A,Annual,NR,Number,HBEDI_PSY,Psychiatric care beds in hospitals (HP.1),EL,Greece,2017,,7915.00,,,,,
dataflow,ESTAT:HLTH_RS_BDS(1.0),Hospital beds by type of care - historical data (1960-2020),A,Annual,NR,Number,HBEDI_PSY,Psychiatric care beds in hospitals (HP.1),EL,Greece,2018,,7934.00,,,,,
dataflow,ESTAT:HLTH_RS_BDS(1.0),Hospital beds by type of care - historical data (1960-2020),A,Annual,NR,Number,HBEDI_PSY,Psychiatric care beds in hospitals (HP.1),EL,Greece,2019,,7661.00,,,,,
dataflow,ESTAT:HLTH_RS_BDS(1.0),Hospital beds by type of care - historical data (1960-2020),A,Annual,NR,Number,HBEDI_PSY,Psychiatric care beds in hospitals (HP.1),ES,Spain,1985,,35342.00,,,,,
dataflow,ESTAT:HLTH_RS_BDS(1.0),Hospital beds by type of care - historical data (1960-2020),A,Annual,NR,Number,HBEDI_PSY,Psychiatric care beds in hospitals (HP.1),ES,Spain,1986,,33059.00,,,,,
dataflow,ESTAT:HLTH_RS_BDS(1.0),Hospital beds by type of care - historical data (1960-2020),A,Annual,NR,Number,HBEDI_PSY,Psychiatric care beds in hospitals (HP.1),ES,Spain,1987,,31321.00,,,,,
dataflow,ESTAT:HLTH_RS_BDS(1.0),Hospital beds by type of care - historical data (1960-2020),A,Annual,NR,Number,HBEDI_PSY,Psychiatric care beds in hospitals (HP.1),ES,Spain,1988,,30100.00,,,,,
dataflow,ESTAT:HLTH_RS_BDS(1.0),Hospital beds by type of care - historical data (1960-2020),A,Annual,NR,Number,HBEDI_PSY,Psychiatric care beds in hospitals (HP.1),ES,Spain,1989,,29634.00,,,,,
dataflow,ESTAT:HLTH_RS_BDS(1.0),Hospital beds by type of care - historical data (1960-2020),A,Annual,NR,Number,HBEDI_PSY,Psychiatric care beds in hospitals (HP.1),ES,Spain,1990,,27532.00,,,,,
dataflow,ESTAT:HLTH_RS_BDS(1.0),Hospital beds by type of care - historical data (1960-2020),A,Annual,NR,Number,HBEDI_PSY,Psychiatric care beds in hospitals (HP.1),ES,Spain,1991,,26400.00,,,,,
dataflow,ESTAT:HLTH_RS_BDS(1.0),Hospital beds by type of care - historical data (1960-2020),A,Annual,NR,Number,HBEDI_PSY,Psychiatric care beds in hospitals (HP.1),ES,Spain,1992,,25050.00,,,,,
dataflow,ESTAT:HLTH_RS_BDS(1.0),Hospital beds by type of care - historical data (1960-2020),A,Annual,NR,Number,HBEDI_PSY,Psychiatric care beds in hospitals (HP.1),ES,Spain,1993,,24390.00,,,,,
dataflow,ESTAT:HLTH_RS_BDS(1.0),Hospital beds by type of care - historical data (1960-2020),A,Annual,NR,Number,HBEDI_PSY,Psychiatric care beds in hospitals (HP.1),ES,Spain,1994,,24165.00,,,,,
dataflow,ESTAT:HLTH_RS_BDS(1.0),Hospital beds by type of care - historical data (1960-2020),A,Annual,NR,Number,HBEDI_PSY,Psychiatric care beds in hospitals (HP.1),ES,Spain,1995,,23639.00,,,,,
dataflow,ESTAT:HLTH_RS_BDS(1.0),Hospital beds by type of care - historical data (1960-2020),A,Annual,NR,Number,HBEDI_PSY,Psychiatric care beds in hospitals (HP.1),ES,Spain,1996,,23071.00,,,,,
dataflow,ESTAT:HLTH_RS_BDS(1.0),Hospital beds by type of care - historical data (1960-2020),A,Annual,NR,Number,HBEDI_PSY,Psychiatric care beds in hospitals (HP.1),ES,Spain,1997,,22278.00,,,,,
dataflow,ESTAT:HLTH_RS_BDS(1.0),Hospital beds by type of care - historical data (1960-2020),A,Annual,NR,Number,HBEDI_PSY,Psychiatric care beds in hospitals (HP.1),ES,Spain,1998,,21100.00,,,,,
dataflow,ESTAT:HLTH_RS_BDS(1.0),Hospital beds by type of care - historical data (1960-2020),A,Annual,NR,Number,HBEDI_PSY,Psychiatric care beds in hospitals (HP.1),ES,Spain,1999,,21315.00,,,,,
dataflow,ESTAT:HLTH_RS_BDS(1.0),Hospital beds by type of care - historical data (1960-2020),A,Annual,NR,Number,HBEDI_PSY,Psychiatric care beds in hospitals (HP.1),ES,Spain,2000,,20891.00,,,,,
dataflow,ESTAT:HLTH_RS_BDS(1.0),Hospital beds by type of care - historical data (1960-2020),A,Annual,NR,Number,HBEDI_PSY,Psychiatric care beds in hospitals (HP.1),ES,Spain,2001,,20652.00,,,,,
dataflow,ESTAT:HLTH_RS_BDS(1.0),Hospital beds by type of care - historical data (1960-2020),A,Annual,NR,Number,HBEDI_PSY,Psychiatric care beds in hospitals (HP.1),ES,Spain,2002,,20797.00,,,,,
dataflow,ESTAT:HLTH_RS_BDS(1.0),Hospital beds by type of care - historical data (1960-2020),A,Annual,NR,Number,HBEDI_PSY,Psychiatric care beds in hospitals (HP.1),ES,Spain,2003,,20401.00,,,,,
dataflow,ESTAT:HLTH_RS_BDS(1.0),Hospital beds by type of care - historical data (1960-2020),A,Annual,NR,Number,HBEDI_PSY,Psychiatric care beds in hospitals (HP.1),ES,Spain,2004,,20318.00,,,,,
dataflow,ESTAT:HLTH_RS_BDS(1.0),Hospital beds by type of care - historical data (1960-2020),A,Annual,NR,Number,HBEDI_PSY,Psychiatric care beds in hospitals (HP.1),ES,Spain,2005,,19865.00,,,,,
dataflow,ESTAT:HLTH_RS_BDS(1.0),Hospital beds by type of care - historical data (1960-2020),A,Annual,NR,Number,HBEDI_PSY,Psychiatric care beds in hospitals (HP.1),ES,Spain,2006,,20228.00,,,,,
dataflow,ESTAT:HLTH_RS_BDS(1.0),Hospital beds by type of care - historical data (1960-2020),A,Annual,NR,Number,HBEDI_PSY,Psychiatric care beds in hospitals (HP.1),ES,Spain,2007,,18564.00,,,,,
dataflow,ESTAT:HLTH_RS_BDS(1.0),Hospital beds by type of care - historical data (1960-2020),A,Annual,NR,Number,HBEDI_PSY,Psychiatric care beds in hospitals (HP.1),ES,Spain,2008,,18726.00,,,,,
dataflow,ESTAT:HLTH_RS_BDS(1.0),Hospital beds by type of care - historical data (1960-2020),A,Annual,NR,Number,HBEDI_PSY,Psychiatric care beds in hospitals (HP.1),ES,Spain,2009,,18796.00,,,,,
dataflow,ESTAT:HLTH_RS_BDS(1.0),Hospital beds by type of care - historical data (1960-2020),A,Annual,NR,Number,HBEDI_PSY,Psychiatric care beds in hospitals (HP.1),ES,Spain,2010,,18455.00,,b,break in time series,,
dataflow,ESTAT:HLTH_RS_BDS(1.0),Hospital beds by type of care - historical data (1960-2020),A,Annual,NR,Number,HBEDI_PSY,Psychiatric care beds in hospitals (HP.1),ES,Spain,2011,,17724.00,,,,,
dataflow,ESTAT:HLTH_RS_BDS(1.0),Hospital beds by type of care - historical data (1960-2020),A,Annual,NR,Number,HBEDI_PSY,Psychiatric care beds in hospitals (HP.1),ES,Spain,2012,,16783.00,,,,,
dataflow,ESTAT:HLTH_RS_BDS(1.0),Hospital beds by type of care - historical data (1960-2020),A,Annual,NR,Number,HBEDI_PSY,Psychiatric care beds in hospitals (HP.1),ES,Spain,2013,,16929.00,,,,,
dataflow,ESTAT:HLTH_RS_BDS(1.0),Hospital beds by type of care - historical data (1960-2020),A,Annual,NR,Number,HBEDI_PSY,Psychiatric care beds in hospitals (HP.1),ES,Spain,2014,,16586.00,,,,,
dataflow,ESTAT:HLTH_RS_BDS(1.0),Hospital beds by type of care - historical data (1960-2020),A,Annual,NR,Number,HBEDI_PSY,Psychiatric care beds in hospitals (HP.1),ES,Spain,2015,,16668.00,,,,,
dataflow,ESTAT:HLTH_RS_BDS(1.0),Hospital beds by type of care - historical data (1960-2020),A,Annual,NR,Number,HBEDI_PSY,Psychiatric care beds in hospitals (HP.1),ES,Spain,2016,,16512.00,,,,,
dataflow,ESTAT:HLTH_RS_BDS(1.0),Hospital beds by type of care - historical data (1960-2020),A,Annual,NR,Number,HBEDI_PSY,Psychiatric care beds in hospitals (HP.1),ES,Spain,2017,,16796.00,,,,,
dataflow,ESTAT:HLTH_RS_BDS(1.0),Hospital beds by type of care - historical data (1960-2020),A,Annual,NR,Number,HBEDI_PSY,Psychiatric care beds in hospitals (HP.1),ES,Spain,2018,,16893.00,,,,,
dataflow,ESTAT:HLTH_RS_BDS(1.0),Hospital beds by type of care - historical data (1960-2020),A,Annual,NR,Number,HBEDI_PSY,Psychiatric care beds in hospitals (HP.1),ES,Spain,2019,,16993.00,,p,provisional,,
dataflow,ESTAT:HLTH_RS_BDS(1.0),Hospital beds by type of care - historical data (1960-2020),A,Annual,NR,Number,HBEDI_PSY,Psychiatric care beds in hospitals (HP.1),EU27_2020,European Union - 27 countries (from 2020),2004,,342437.00,,,,,
dataflow,ESTAT:HLTH_RS_BDS(1.0),Hospital beds by type of care - historical data (1960-2020),A,Annual,NR,Number,HBEDI_PSY,Psychiatric care beds in hospitals (HP.1),EU27_2020,European Union - 27 countries (from 2020),2005,,340426.00,,,,,
dataflow,ESTAT:HLTH_RS_BDS(1.0),Hospital beds by type of care - historical data (1960-2020),A,Annual,NR,Number,HBEDI_PSY,Psychiatric care beds in hospitals (HP.1),EU27_2020,European Union - 27 countries (from 2020),2006,,341366.00,,,,,
dataflow,ESTAT:HLTH_RS_BDS(1.0),Hospital beds by type of care - historical data (1960-2020),A,Annual,NR,Number,HBEDI_PSY,Psychiatric care beds in hospitals (HP.1),EU27_2020,European Union - 27 countries (from 2020),2007,,338517.00,,,,,
dataflow,ESTAT:HLTH_RS_BDS(1.0),Hospital beds by type of care - historical data (1960-2020),A,Annual,NR,Number,HBEDI_PSY,Psychiatric care beds in hospitals (HP.1),EU27_2020,European Union - 27 countries (from 2020),2008,,337837.00,,,,,
dataflow,ESTAT:HLTH_RS_BDS(1.0),Hospital beds by type of care - historical data (1960-2020),A,Annual,NR,Number,HBEDI_PSY,Psychiatric care beds in hospitals (HP.1),EU27_2020,European Union - 27 countries (from 2020),2009,,336395.00,,,,,
dataflow,ESTAT:HLTH_RS_BDS(1.0),Hospital beds by type of care - historical data (1960-2020),A,Annual,NR,Number,HBEDI_PSY,Psychiatric care beds in hospitals (HP.1),EU27_2020,European Union - 27 countries (from 2020),2010,,334568.00,,,,,
dataflow,ESTAT:HLTH_RS_BDS(1.0),Hospital beds by type of care - historical data (1960-2020),A,Annual,NR,Number,HBEDI_PSY,Psychiatric care beds in hospitals (HP.1),EU27_2020,European Union - 27 countries (from 2020),2011,,333137.00,,,,,
dataflow,ESTAT:HLTH_RS_BDS(1.0),Hospital beds by type of care - historical data (1960-2020),A,Annual,NR,Number,HBEDI_PSY,Psychiatric care beds in hospitals (HP.1),EU27_2020,European Union - 27 countries (from 2020),2012,,332089.00,,e,estimated,,
dataflow,ESTAT:HLTH_RS_BDS(1.0),Hospital beds by type of care - historical data (1960-2020),A,Annual,NR,Number,HBEDI_PSY,Psychiatric care beds in hospitals (HP.1),EU27_2020,European Union - 27 countries (from 2020),2013,,332479.00,,,,,
dataflow,ESTAT:HLTH_RS_BDS(1.0),Hospital beds by type of care - historical data (1960-2020),A,Annual,NR,Number,HBEDI_PSY,Psychiatric care beds in hospitals (HP.1),EU27_2020,European Union - 27 countries (from 2020),2014,,331573.00,,e,estimated,,
dataflow,ESTAT:HLTH_RS_BDS(1.0),Hospital beds by type of care - historical data (1960-2020),A,Annual,NR,Number,HBEDI_PSY,Psychiatric care beds in hospitals (HP.1),EU27_2020,European Union - 27 countries (from 2020),2015,,332068.00,,e,estimated,,
dataflow,ESTAT:HLTH_RS_BDS(1.0),Hospital beds by type of care - historical data (1960-2020),A,Annual,NR,Number,HBEDI_PSY,Psychiatric care beds in hospitals (HP.1),EU27_2020,European Union - 27 countries (from 2020),2016,,330117.00,,,,,
dataflow,ESTAT:HLTH_RS_BDS(1.0),Hospital beds by type of care - historical data (1960-2020),A,Annual,NR,Number,HBEDI_PSY,Psychiatric care beds in hospitals (HP.1),EU27_2020,European Union - 27 countries (from 2020),2017,,328644.00,,,,,
dataflow,ESTAT:HLTH_RS_BDS(1.0),Hospital beds by type of care - historical data (1960-2020),A,Annual,NR,Number,HBEDI_PSY,Psychiatric care beds in hospitals (HP.1),EU27_2020,European Union - 27 countries (from 2020),2018,,326779.00,,,,,
dataflow,ESTAT:HLTH_RS_BDS(1.0),Hospital beds by type of care - historical data (1960-2020),A,Annual,NR,Number,HBEDI_PSY,Psychiatric care beds in hospitals (HP.1),EU27_2020,European Union - 27 countries (from 2020),2019,,326782.00,,,,,
dataflow,ESTAT:HLTH_RS_BDS(1.0),Hospital beds by type of care - historical data (1960-2020),A,Annual,NR,Number,HBEDI_PSY,Psychiatric care beds in hospitals (HP.1),EU27_2020,European Union - 27 countries (from 2020),2020,,326864.00,,e,estimated,,
dataflow,ESTAT:HLTH_RS_BDS(1.0),Hospital beds by type of care - historical data (1960-2020),A,Annual,NR,Number,HBEDI_PSY,Psychiatric care beds in hospitals (HP.1),EU28,European Union - 28 countries (2013-2020),2004,,389470.00,,,,,
dataflow,ESTAT:HLTH_RS_BDS(1.0),Hospital beds by type of care - historical data (1960-2020),A,Annual,NR,Number,HBEDI_PSY,Psychiatric care beds in hospitals (HP.1),EU28,European Union - 28 countries (2013-2020),2005,,384963.00,,,,,
dataflow,ESTAT:HLTH_RS_BDS(1.0),Hospital beds by type of care - historical data (1960-2020),A,Annual,NR,Number,HBEDI_PSY,Psychiatric care beds in hospitals (HP.1),EU28,European Union - 28 countries (2013-2020),2006,,383216.00,,,,,
dataflow,ESTAT:HLTH_RS_BDS(1.0),Hospital beds by type of care - historical data (1960-2020),A,Annual,NR,Number,HBEDI_PSY,Psychiatric care beds in hospitals (HP.1),EU28,European Union - 28 countries (2013-2020),2007,,378635.00,,,,,
dataflow,ESTAT:HLTH_RS_BDS(1.0),Hospital beds by type of care - historical data (1960-2020),A,Annual,NR,Number,HBEDI_PSY,Psychiatric care beds in hospitals (HP.1),EU28,European Union - 28 countries (2013-2020),2008,,376804.00,,,,,
dataflow,ESTAT:HLTH_RS_BDS(1.0),Hospital beds by type of care - historical data (1960-2020),A,Annual,NR,Number,HBEDI_PSY,Psychiatric care beds in hospitals (HP.1),EU28,European Union - 28 countries (2013-2020),2009,,373852.00,,,,,
dataflow,ESTAT:HLTH_RS_BDS(1.0),Hospital beds by type of care - historical data (1960-2020),A,Annual,NR,Number,HBEDI_PSY,Psychiatric care beds in hospitals (HP.1),EU28,European Union - 28 countries (2013-2020),2010,,368462.00,,,,,
dataflow,ESTAT:HLTH_RS_BDS(1.0),Hospital beds by type of care - historical data (1960-2020),A,Annual,NR,Number,HBEDI_PSY,Psychiatric care beds in hospitals (HP.1),EU28,European Union - 28 countries (2013-2020),2011,,366047.00,,,,,
dataflow,ESTAT:HLTH_RS_BDS(1.0),Hospital beds by type of care - historical data (1960-2020),A,Annual,NR,Number,HBEDI_PSY,Psychiatric care beds in hospitals (HP.1),EU28,European Union - 28 countries (2013-2020),2012,,363714.00,,e,estimated,,
dataflow,ESTAT:HLTH_RS_BDS(1.0),Hospital beds by type of care - historical data (1960-2020),A,Annual,NR,Number,HBEDI_PSY,Psychiatric care beds in hospitals (HP.1),EU28,European Union - 28 countries (2013-2020),2013,,363156.00,,,,,
dataflow,ESTAT:HLTH_RS_BDS(1.0),Hospital beds by type of care - historical data (1960-2020),A,Annual,NR,Number,HBEDI_PSY,Psychiatric care beds in hospitals (HP.1),EU28,European Union - 28 countries (2013-2020),2014,,361355.00,,e,estimated,,
dataflow,ESTAT:HLTH_RS_BDS(1.0),Hospital beds by type of care - historical data (1960-2020),A,Annual,NR,Number,HBEDI_PSY,Psychiatric care beds in hospitals (HP.1),EU28,European Union - 28 countries (2013-2020),2015,,359108.00,,e,estimated,,
dataflow,ESTAT:HLTH_RS_BDS(1.0),Hospital beds by type of care - historical data (1960-2020),A,Annual,NR,Number,HBEDI_PSY,Psychiatric care beds in hospitals (HP.1),EU28,European Union - 28 countries (2013-2020),2016,,356175.00,,,,,
dataflow,ESTAT:HLTH_RS_BDS(1.0),Hospital beds by type of care - historical data (1960-2020),A,Annual,NR,Number,HBEDI_PSY,Psychiatric care beds in hospitals (HP.1),EU28,European Union - 28 countries (2013-2020),2017,,354042.00,,,,,
dataflow,ESTAT:HLTH_RS_BDS(1.0),Hospital beds by type of care - historical data (1960-2020),A,Annual,NR,Number,HBEDI_PSY,Psychiatric care beds in hospitals (HP.1),EU28,European Union - 28 countries (2013-2020),2018,,351302.89,,,,,
dataflow,ESTAT:HLTH_RS_BDS(1.0),Hospital beds by type of care - historical data (1960-2020),A,Annual,NR,Number,HBEDI_PSY,Psychiatric care beds in hospitals (HP.1),EU28,European Union - 28 countries (2013-2020),2019,,350439.93,,,,,
dataflow,ESTAT:HLTH_RS_BDS(1.0),Hospital beds by type of care - historical data (1960-2020),A,Annual,NR,Number,HBEDI_PSY,Psychiatric care beds in hospitals (HP.1),FI,Finland,1970,,19628.00,,,,,
dataflow,ESTAT:HLTH_RS_BDS(1.0),Hospital beds by type of care - historical data (1960-2020),A,Annual,NR,Number,HBEDI_PSY,Psychiatric care beds in hospitals (HP.1),FI,Finland,1993,,7278.00,,,,,
dataflow,ESTAT:HLTH_RS_BDS(1.0),Hospital beds by type of care - historical data (1960-2020),A,Annual,NR,Number,HBEDI_PSY,Psychiatric care beds in hospitals (HP.1),FI,Finland,1994,,6886.00,,,,,
dataflow,ESTAT:HLTH_RS_BDS(1.0),Hospital beds by type of care - historical data (1960-2020),A,Annual,NR,Number,HBEDI_PSY,Psychiatric care beds in hospitals (HP.1),FI,Finland,1995,,6531.00,,,,,
dataflow,ESTAT:HLTH_RS_BDS(1.0),Hospital beds by type of care - historical data (1960-2020),A,Annual,NR,Number,HBEDI_PSY,Psychiatric care beds in hospitals (HP.1),FI,Finland,1996,,6247.00,,,,,
dataflow,ESTAT:HLTH_RS_BDS(1.0),Hospital beds by type of care - historical data (1960-2020),A,Annual,NR,Number,HBEDI_PSY,Psychiatric care beds in hospitals (HP.1),FI,Finland,1997,,5850.00,,,,,
dataflow,ESTAT:HLTH_RS_BDS(1.0),Hospital beds by type of care - historical data (1960-2020),A,Annual,NR,Number,HBEDI_PSY,Psychiatric care beds in hospitals (HP.1),FI,Finland,1998,,5613.00,,,,,
dataflow,ESTAT:HLTH_RS_BDS(1.0),Hospital beds by type of care - historical data (1960-2020),A,Annual,NR,Number,HBEDI_PSY,Psychiatric care beds in hospitals (HP.1),FI,Finland,1999,,5479.00,,,,,
dataflow,ESTAT:HLTH_RS_BDS(1.0),Hospital beds by type of care - historical data (1960-2020),A,Annual,NR,Number,HBEDI_PSY,Psychiatric care beds in hospitals (HP.1),FI,Finland,2000,,5331.00,,b,break in time series,,
dataflow,ESTAT:HLTH_RS_BDS(1.0),Hospital beds by type of care - historical data (1960-2020),A,Annual,NR,Number,HBEDI_PSY,Psychiatric care beds in hospitals (HP.1),FI,Finland,2001,,5238.00,,,,,
dataflow,ESTAT:HLTH_RS_BDS(1.0),Hospital beds by type of care - historical data (1960-2020),A,Annual,NR,Number,HBEDI_PSY,Psychiatric care beds in hospitals (HP.1),FI,Finland,2002,,5255.00,,,,,
dataflow,ESTAT:HLTH_RS_BDS(1.0),Hospital beds by type of care - historical data (1960-2020),A,Annual,NR,Number,HBEDI_PSY,Psychiatric care beds in hospitals (HP.1),FI,Finland,2003,,5114.00,,,,,
dataflow,ESTAT:HLTH_RS_BDS(1.0),Hospital beds by type of care - historical data (1960-2020),A,Annual,NR,Number,HBEDI_PSY,Psychiatric care beds in hospitals (HP.1),FI,Finland,2004,,5053.00,,,,,
dataflow,ESTAT:HLTH_RS_BDS(1.0),Hospital beds by type of care - historical data (1960-2020),A,Annual,NR,Number,HBEDI_PSY,Psychiatric care beds in hospitals (HP.1),FI,Finland,2005,,4897.00,,,,,
dataflow,ESTAT:HLTH_RS_BDS(1.0),Hospital beds by type of care - historical data (1960-2020),A,Annual,NR,Number,HBEDI_PSY,Psychiatric care beds in hospitals (HP.1),FI,Finland,2006,,4858.00,,,,,
dataflow,ESTAT:HLTH_RS_BDS(1.0),Hospital beds by type of care - historical data (1960-2020),A,Annual,NR,Number,HBEDI_PSY,Psychiatric care beds in hospitals (HP.1),FI,Finland,2007,,4675.00,,,,,
dataflow,ESTAT:HLTH_RS_BDS(1.0),Hospital beds by type of care - historical data (1960-2020),A,Annual,NR,Number,HBEDI_PSY,Psychiatric care beds in hospitals (HP.1),FI,Finland,2008,,4519.00,,,,,
dataflow,ESTAT:HLTH_RS_BDS(1.0),Hospital beds by type of care - historical data (1960-2020),A,Annual,NR,Number,HBEDI_PSY,Psychiatric care beds in hospitals (HP.1),FI,Finland,2009,,4295.00,,,,,
dataflow,ESTAT:HLTH_RS_BDS(1.0),Hospital beds by type of care - historical data (1960-2020),A,Annual,NR,Number,HBEDI_PSY,Psychiatric care beds in hospitals (HP.1),FI,Finland,2010,,4036.00,,,,,
dataflow,ESTAT:HLTH_RS_BDS(1.0),Hospital beds by type of care - historical data (1960-2020),A,Annual,NR,Number,HBEDI_PSY,Psychiatric care beds in hospitals (HP.1),FI,Finland,2011,,3827.00,,,,,
dataflow,ESTAT:HLTH_RS_BDS(1.0),Hospital beds by type of care - historical data (1960-2020),A,Annual,NR,Number,HBEDI_PSY,Psychiatric care beds in hospitals (HP.1),FI,Finland,2012,,3725.00,,,,,
dataflow,ESTAT:HLTH_RS_BDS(1.0),Hospital beds by type of care - historical data (1960-2020),A,Annual,NR,Number,HBEDI_PSY,Psychiatric care beds in hospitals (HP.1),FI,Finland,2013,,3456.00,,,,,
dataflow,ESTAT:HLTH_RS_BDS(1.0),Hospital beds by type of care - historical data (1960-2020),A,Annual,NR,Number,HBEDI_PSY,Psychiatric care beds in hospitals (HP.1),FI,Finland,2014,,3316.00,,,,,
dataflow,ESTAT:HLTH_RS_BDS(1.0),Hospital beds by type of care - historical data (1960-2020),A,Annual,NR,Number,HBEDI_PSY,Psychiatric care beds in hospitals (HP.1),FI,Finland,2015,,3408.00,,,,,
dataflow,ESTAT:HLTH_RS_BDS(1.0),Hospital beds by type of care - historical data (1960-2020),A,Annual,NR,Number,HBEDI_PSY,Psychiatric care beds in hospitals (HP.1),FI,Finland,2016,,3190.00,,,,,
dataflow,ESTAT:HLTH_RS_BDS(1.0),Hospital beds by type of care - historical data (1960-2020),A,Annual,NR,Number,HBEDI_PSY,Psychiatric care beds in hospitals (HP.1),FI,Finland,2017,,2151.00,,,,,
dataflow,ESTAT:HLTH_RS_BDS(1.0),Hospital beds by type of care - historical data (1960-2020),A,Annual,NR,Number,HBEDI_PSY,Psychiatric care beds in hospitals (HP.1),FI,Finland,2018,,2960.00,,,,,
dataflow,ESTAT:HLTH_RS_BDS(1.0),Hospital beds by type of care - historical data (1960-2020),A,Annual,NR,Number,HBEDI_PSY,Psychiatric care beds in hospitals (HP.1),FI,Finland,2019,,3266.00,,,,,
dataflow,ESTAT:HLTH_RS_BDS(1.0),Hospital beds by type of care - historical data (1960-2020),A,Annual,NR,Number,HBEDI_PSY,Psychiatric care beds in hospitals (HP.1),FR,France,1997,,71240.00,,,,,
dataflow,ESTAT:HLTH_RS_BDS(1.0),Hospital beds by type of care - historical data (1960-2020),A,Annual,NR,Number,HBEDI_PSY,Psychiatric care beds in hospitals (HP.1),FR,France,1998,,68662.00,,,,,
dataflow,ESTAT:HLTH_RS_BDS(1.0),Hospital beds by type of care - historical data (1960-2020),A,Annual,NR,Number,HBEDI_PSY,Psychiatric care beds in hospitals (HP.1),FR,France,1999,,67001.00,,,,,
dataflow,ESTAT:HLTH_RS_BDS(1.0),Hospital beds by type of care - historical data (1960-2020),A,Annual,NR,Number,HBEDI_PSY,Psychiatric care beds in hospitals (HP.1),FR,France,2000,,62818.00,,,,,
dataflow,ESTAT:HLTH_RS_BDS(1.0),Hospital beds by type of care - historical data (1960-2020),A,Annual,NR,Number,HBEDI_PSY,Psychiatric care beds in hospitals (HP.1),FR,France,2001,,61927.00,,,,,
dataflow,ESTAT:HLTH_RS_BDS(1.0),Hospital beds by type of care - historical data (1960-2020),A,Annual,NR,Number,HBEDI_PSY,Psychiatric care beds in hospitals (HP.1),FR,France,2002,,60584.00,,,,,
dataflow,ESTAT:HLTH_RS_BDS(1.0),Hospital beds by type of care - historical data (1960-2020),A,Annual,NR,Number,HBEDI_PSY,Psychiatric care beds in hospitals (HP.1),FR,France,2003,,59590.00,,,,,
dataflow,ESTAT:HLTH_RS_BDS(1.0),Hospital beds by type of care - historical data (1960-2020),A,Annual,NR,Number,HBEDI_PSY,Psychiatric care beds in hospitals (HP.1),FR,France,2004,,59027.00,,,,,
dataflow,ESTAT:HLTH_RS_BDS(1.0),Hospital beds by type of care - historical data (1960-2020),A,Annual,NR,Number,HBEDI_PSY,Psychiatric care beds in hospitals (HP.1),FR,France,2005,,58585.00,,,,,
dataflow,ESTAT:HLTH_RS_BDS(1.0),Hospital beds by type of care - historical data (1960-2020),A,Annual,NR,Number,HBEDI_PSY,Psychiatric care beds in hospitals (HP.1),FR,France,2006,,58004.00,,,,,
dataflow,ESTAT:HLTH_RS_BDS(1.0),Hospital beds by type of care - historical data (1960-2020),A,Annual,NR,Number,HBEDI_PSY,Psychiatric care beds in hospitals (HP.1),FR,France,2007,,57640.00,,,,,
dataflow,ESTAT:HLTH_RS_BDS(1.0),Hospital beds by type of care - historical data (1960-2020),A,Annual,NR,Number,HBEDI_PSY,Psychiatric care beds in hospitals (HP.1),FR,France,2008,,57362.00,,,,,
dataflow,ESTAT:HLTH_RS_BDS(1.0),Hospital beds by type of care - historical data (1960-2020),A,Annual,NR,Number,HBEDI_PSY,Psychiatric care beds in hospitals (HP.1),FR,France,2009,,57131.00,,,,,
dataflow,ESTAT:HLTH_RS_BDS(1.0),Hospital beds by type of care - historical data (1960-2020),A,Annual,NR,Number,HBEDI_PSY,Psychiatric care beds in hospitals (HP.1),FR,France,2010,,57248.00,,,,,
dataflow,ESTAT:HLTH_RS_BDS(1.0),Hospital beds by type of care - historical data (1960-2020),A,Annual,NR,Number,HBEDI_PSY,Psychiatric care beds in hospitals (HP.1),FR,France,2011,,56950.00,,,,,
dataflow,ESTAT:HLTH_RS_BDS(1.0),Hospital beds by type of care - historical data (1960-2020),A,Annual,NR,Number,HBEDI_PSY,Psychiatric care beds in hospitals (HP.1),FR,France,2012,,57622.00,,,,,
dataflow,ESTAT:HLTH_RS_BDS(1.0),Hospital beds by type of care - historical data (1960-2020),A,Annual,NR,Number,HBEDI_PSY,Psychiatric care beds in hospitals (HP.1),FR,France,2013,,58001.00,,,,,
dataflow,ESTAT:HLTH_RS_BDS(1.0),Hospital beds by type of care - historical data (1960-2020),A,Annual,NR,Number,HBEDI_PSY,Psychiatric care beds in hospitals (HP.1),FR,France,2014,,57863.00,,,,,
dataflow,ESTAT:HLTH_RS_BDS(1.0),Hospital beds by type of care - historical data (1960-2020),A,Annual,NR,Number,HBEDI_PSY,Psychiatric care beds in hospitals (HP.1),FR,France,2015,,57503.00,,,,,
dataflow,ESTAT:HLTH_RS_BDS(1.0),Hospital beds by type of care - historical data (1960-2020),A,Annual,NR,Number,HBEDI_PSY,Psychiatric care beds in hospitals (HP.1),FR,France,2016,,57335.00,,,,,
dataflow,ESTAT:HLTH_RS_BDS(1.0),Hospital beds by type of care - historical data (1960-2020),A,Annual,NR,Number,HBEDI_PSY,Psychiatric care beds in hospitals (HP.1),FR,France,2017,,56014.00,,,,,
dataflow,ESTAT:HLTH_RS_BDS(1.0),Hospital beds by type of care - historical data (1960-2020),A,Annual,NR,Number,HBEDI_PSY,Psychiatric care beds in hospitals (HP.1),FR,France,2018,,55377.00,,,,,
dataflow,ESTAT:HLTH_RS_BDS(1.0),Hospital beds by type of care - historical data (1960-2020),A,Annual,NR,Number,HBEDI_PSY,Psychiatric care beds in hospitals (HP.1),FR,France,2019,,54991.00,,,,,
dataflow,ESTAT:HLTH_RS_BDS(1.0),Hospital beds by type of care - historical data (1960-2020),A,Annual,NR,Number,HBEDI_PSY,Psychiatric care beds in hospitals (HP.1),HR,Croatia,2000,,4565.00,,,,,
dataflow,ESTAT:HLTH_RS_BDS(1.0),Hospital beds by type of care - historical data (1960-2020),A,Annual,NR,Number,HBEDI_PSY,Psychiatric care beds in hospitals (HP.1),HR,Croatia,2001,,4559.00,,,,,
dataflow,ESTAT:HLTH_RS_BDS(1.0),Hospital beds by type of care - historical data (1960-2020),A,Annual,NR,Number,HBEDI_PSY,Psychiatric care beds in hospitals (HP.1),HR,Croatia,2002,,4464.00,,,,,
dataflow,ESTAT:HLTH_RS_BDS(1.0),Hospital beds by type of care - historical data (1960-2020),A,Annual,NR,Number,HBEDI_PSY,Psychiatric care beds in hospitals (HP.1),HR,Croatia,2003,,4242.00,,,,,
dataflow,ESTAT:HLTH_RS_BDS(1.0),Hospital beds by type of care - historical data (1960-2020),A,Annual,NR,Number,HBEDI_PSY,Psychiatric care beds in hospitals (HP.1),HR,Croatia,2004,,4185.00,,,,,
dataflow,ESTAT:HLTH_RS_BDS(1.0),Hospital beds by type of care - historical data (1960-2020),A,Annual,NR,Number,HBEDI_PSY,Psychiatric care beds in hospitals (HP.1),HR,Croatia,2005,,4196.00,,,,,
dataflow,ESTAT:HLTH_RS_BDS(1.0),Hospital beds by type of care - historical data (1960-2020),A,Annual,NR,Number,HBEDI_PSY,Psychiatric care beds in hospitals (HP.1),HR,Croatia,2006,,4133.00,,,,,
dataflow,ESTAT:HLTH_RS_BDS(1.0),Hospital beds by type of care - historical data (1960-2020),A,Annual,NR,Number,HBEDI_PSY,Psychiatric care beds in hospitals (HP.1),HR,Croatia,2007,,4275.00,,,,,
dataflow,ESTAT:HLTH_RS_BDS(1.0),Hospital beds by type of care - historical data (1960-2020),A,Annual,NR,Number,HBEDI_PSY,Psychiatric care beds in hospitals (HP.1),HR,Croatia,2008,,4212.00,,,,,
dataflow,ESTAT:HLTH_RS_BDS(1.0),Hospital beds by type of care - historical data (1960-2020),A,Annual,NR,Number,HBEDI_PSY,Psychiatric care beds in hospitals (HP.1),HR,Croatia,2009,,4192.00,,b,break in time series,,
dataflow,ESTAT:HLTH_RS_BDS(1.0),Hospital beds by type of care - historical data (1960-2020),A,Annual,NR,Number,HBEDI_PSY,Psychiatric care beds in hospitals (HP.1),HR,Croatia,2010,,4288.00,,,,,
dataflow,ESTAT:HLTH_RS_BDS(1.0),Hospital beds by type of care - historical data (1960-2020),A,Annual,NR,Number,HBEDI_PSY,Psychiatric care beds in hospitals (HP.1),HR,Croatia,2011,,4610.00,,,,,
dataflow,ESTAT:HLTH_RS_BDS(1.0),Hospital beds by type of care - historical data (1960-2020),A,Annual,NR,Number,HBEDI_PSY,Psychiatric care beds in hospitals (HP.1),HR,Croatia,2012,,4296.00,,,,,
dataflow,ESTAT:HLTH_RS_BDS(1.0),Hospital beds by type of care - historical data (1960-2020),A,Annual,NR,Number,HBEDI_PSY,Psychiatric care beds in hospitals (HP.1),HR,Croatia,2013,,4169.00,,,,,
dataflow,ESTAT:HLTH_RS_BDS(1.0),Hospital beds by type of care - historical data (1960-2020),A,Annual,NR,Number,HBEDI_PSY,Psychiatric care beds in hospitals (HP.1),HR,Croatia,2014,,4185.00,,,,,
dataflow,ESTAT:HLTH_RS_BDS(1.0),Hospital beds by type of care - historical data (1960-2020),A,Annual,NR,Number,HBEDI_PSY,Psychiatric care beds in hospitals (HP.1),HR,Croatia,2015,,3959.00,,,,,
dataflow,ESTAT:HLTH_RS_BDS(1.0),Hospital beds by type of care - historical data (1960-2020),A,Annual,NR,Number,HBEDI_PSY,Psychiatric care beds in hospitals (HP.1),HR,Croatia,2016,,3856.00,,,,,
dataflow,ESTAT:HLTH_RS_BDS(1.0),Hospital beds by type of care - historical data (1960-2020),A,Annual,NR,Number,HBEDI_PSY,Psychiatric care beds in hospitals (HP.1),HR,Croatia,2017,,3883.00,,,,,
dataflow,ESTAT:HLTH_RS_BDS(1.0),Hospital beds by type of care - historical data (1960-2020),A,Annual,NR,Number,HBEDI_PSY,Psychiatric care beds in hospitals (HP.1),HR,Croatia,2018,,3774.00,,,,,
dataflow,ESTAT:HLTH_RS_BDS(1.0),Hospital beds by type of care - historical data (1960-2020),A,Annual,NR,Number,HBEDI_PSY,Psychiatric care beds in hospitals (HP.1),HR,Croatia,2019,,3773.00,,,,,
dataflow,ESTAT:HLTH_RS_BDS(1.0),Hospital beds by type of care - historical data (1960-2020),A,Annual,NR,Number,HBEDI_PSY,Psychiatric care beds in hospitals (HP.1),HU,Hungary,2000,,10368.00,,e,estimated,,
dataflow,ESTAT:HLTH_RS_BDS(1.0),Hospital beds by type of care - historical data (1960-2020),A,Annual,NR,Number,HBEDI_PSY,Psychiatric care beds in hospitals (HP.1),HU,Hungary,2001,,10051.00,,,,,
dataflow,ESTAT:HLTH_RS_BDS(1.0),Hospital beds by type of care - historical data (1960-2020),A,Annual,NR,Number,HBEDI_PSY,Psychiatric care beds in hospitals (HP.1),HU,Hungary,2002,,10056.00,,,,,
dataflow,ESTAT:HLTH_RS_BDS(1.0),Hospital beds by type of care - historical data (1960-2020),A,Annual,NR,Number,HBEDI_PSY,Psychiatric care beds in hospitals (HP.1),HU,Hungary,2003,,9914.00,,,,,
dataflow,ESTAT:HLTH_RS_BDS(1.0),Hospital beds by type of care - historical data (1960-2020),A,Annual,NR,Number,HBEDI_PSY,Psychiatric care beds in hospitals (HP.1),HU,Hungary,2004,,9806.00,,,,,
dataflow,ESTAT:HLTH_RS_BDS(1.0),Hospital beds by type of care - historical data (1960-2020),A,Annual,NR,Number,HBEDI_PSY,Psychiatric care beds in hospitals (HP.1),HU,Hungary,2005,,9752.00,,,,,
dataflow,ESTAT:HLTH_RS_BDS(1.0),Hospital beds by type of care - historical data (1960-2020),A,Annual,NR,Number,HBEDI_PSY,Psychiatric care beds in hospitals (HP.1),HU,Hungary,2006,,9618.00,,,,,
dataflow,ESTAT:HLTH_RS_BDS(1.0),Hospital beds by type of care - historical data (1960-2020),A,Annual,NR,Number,HBEDI_PSY,Psychiatric care beds in hospitals (HP.1),HU,Hungary,2007,,9397.00,,b,break in time series,,
dataflow,ESTAT:HLTH_RS_BDS(1.0),Hospital beds by type of care - historical data (1960-2020),A,Annual,NR,Number,HBEDI_PSY,Psychiatric care beds in hospitals (HP.1),HU,Hungary,2008,,8810.00,,,,,
dataflow,ESTAT:HLTH_RS_BDS(1.0),Hospital beds by type of care - historical data (1960-2020),A,Annual,NR,Number,HBEDI_PSY,Psychiatric care beds in hospitals (HP.1),HU,Hungary,2009,,8996.00,,,,,
dataflow,ESTAT:HLTH_RS_BDS(1.0),Hospital beds by type of care - historical data (1960-2020),A,Annual,NR,Number,HBEDI_PSY,Psychiatric care beds in hospitals (HP.1),HU,Hungary,2010,,8950.00,,,,,
dataflow,ESTAT:HLTH_RS_BDS(1.0),Hospital beds by type of care - historical data (1960-2020),A,Annual,NR,Number,HBEDI_PSY,Psychiatric care beds in hospitals (HP.1),HU,Hungary,2011,,8933.00,,,,,
dataflow,ESTAT:HLTH_RS_BDS(1.0),Hospital beds by type of care - historical data (1960-2020),A,Annual,NR,Number,HBEDI_PSY,Psychiatric care beds in hospitals (HP.1),HU,Hungary,2012,,8946.00,,,,,
dataflow,ESTAT:HLTH_RS_BDS(1.0),Hospital beds by type of care - historical data (1960-2020),A,Annual,NR,Number,HBEDI_PSY,Psychiatric care beds in hospitals (HP.1),HU,Hungary,2013,,8924.00,,,,,
dataflow,ESTAT:HLTH_RS_BDS(1.0),Hospital beds by type of care - historical data (1960-2020),A,Annual,NR,Number,HBEDI_PSY,Psychiatric care beds in hospitals (HP.1),HU,Hungary,2014,,8545.00,,,,,
dataflow,ESTAT:HLTH_RS_BDS(1.0),Hospital beds by type of care - historical data (1960-2020),A,Annual,NR,Number,HBEDI_PSY,Psychiatric care beds in hospitals (HP.1),HU,Hungary,2015,,8601.00,,,,,
dataflow,ESTAT:HLTH_RS_BDS(1.0),Hospital beds by type of care - historical data (1960-2020),A,Annual,NR,Number,HBEDI_PSY,Psychiatric care beds in hospitals (HP.1),HU,Hungary,2016,,8520.00,,,,,
dataflow,ESTAT:HLTH_RS_BDS(1.0),Hospital beds by type of care - historical data (1960-2020),A,Annual,NR,Number,HBEDI_PSY,Psychiatric care beds in hospitals (HP.1),HU,Hungary,2017,,8516.00,,,,,
dataflow,ESTAT:HLTH_RS_BDS(1.0),Hospital beds by type of care - historical data (1960-2020),A,Annual,NR,Number,HBEDI_PSY,Psychiatric care beds in hospitals (HP.1),HU,Hungary,2018,,8287.00,,b,break in time series,,
dataflow,ESTAT:HLTH_RS_BDS(1.0),Hospital beds by type of care - historical data (1960-2020),A,Annual,NR,Number,HBEDI_PSY,Psychiatric care beds in hospitals (HP.1),HU,Hungary,2019,,8244.00,,,,,
dataflow,ESTAT:HLTH_RS_BDS(1.0),Hospital beds by type of care - historical data (1960-2020),A,Annual,NR,Number,HBEDI_PSY,Psychiatric care beds in hospitals (HP.1),IE,Ireland,1978,,14094.00,,,,,
dataflow,ESTAT:HLTH_RS_BDS(1.0),Hospital beds by type of care - historical data (1960-2020),A,Annual,NR,Number,HBEDI_PSY,Psychiatric care beds in hospitals (HP.1),IE,Ireland,1979,,13974.00,,,,,
dataflow,ESTAT:HLTH_RS_BDS(1.0),Hospital beds by type of care - historical data (1960-2020),A,Annual,NR,Number,HBEDI_PSY,Psychiatric care beds in hospitals (HP.1),IE,Ireland,1980,,13441.00,,,,,
dataflow,ESTAT:HLTH_RS_BDS(1.0),Hospital beds by type of care - historical data (1960-2020),A,Annual,NR,Number,HBEDI_PSY,Psychiatric care beds in hospitals (HP.1),IE,Ireland,1981,,13618.00,,,,,
dataflow,ESTAT:HLTH_RS_BDS(1.0),Hospital beds by type of care - historical data (1960-2020),A,Annual,NR,Number,HBEDI_PSY,Psychiatric care beds in hospitals (HP.1),IE,Ireland,1982,,13428.00,,,,,
dataflow,ESTAT:HLTH_RS_BDS(1.0),Hospital beds by type of care - historical data (1960-2020),A,Annual,NR,Number,HBEDI_PSY,Psychiatric care beds in hospitals (HP.1),IE,Ireland,1983,,12802.00,,,,,
dataflow,ESTAT:HLTH_RS_BDS(1.0),Hospital beds by type of care - historical data (1960-2020),A,Annual,NR,Number,HBEDI_PSY,Psychiatric care beds in hospitals (HP.1),IE,Ireland,1984,,12547.00,,,,,
dataflow,ESTAT:HLTH_RS_BDS(1.0),Hospital beds by type of care - historical data (1960-2020),A,Annual,NR,Number,HBEDI_PSY,Psychiatric care beds in hospitals (HP.1),IE,Ireland,1985,,12097.00,,,,,
dataflow,ESTAT:HLTH_RS_BDS(1.0),Hospital beds by type of care - historical data (1960-2020),A,Annual,NR,Number,HBEDI_PSY,Psychiatric care beds in hospitals (HP.1),IE,Ireland,1986,,11559.00,,,,,
dataflow,ESTAT:HLTH_RS_BDS(1.0),Hospital beds by type of care - historical data (1960-2020),A,Annual,NR,Number,HBEDI_PSY,Psychiatric care beds in hospitals (HP.1),IE,Ireland,1987,,11938.00,,b,break in time series,,
dataflow,ESTAT:HLTH_RS_BDS(1.0),Hospital beds by type of care - historical data (1960-2020),A,Annual,NR,Number,HBEDI_PSY,Psychiatric care beds in hospitals (HP.1),IE,Ireland,1988,,10641.00,,,,,
dataflow,ESTAT:HLTH_RS_BDS(1.0),Hospital beds by type of care - historical data (1960-2020),A,Annual,NR,Number,HBEDI_PSY,Psychiatric care beds in hospitals (HP.1),IE,Ireland,1989,,9832.00,,,,,
dataflow,ESTAT:HLTH_RS_BDS(1.0),Hospital beds by type of care - historical data (1960-2020),A,Annual,NR,Number,HBEDI_PSY,Psychiatric care beds in hospitals (HP.1),IE,Ireland,1990,,9228.00,,,,,
dataflow,ESTAT:HLTH_RS_BDS(1.0),Hospital beds by type of care - historical data (1960-2020),A,Annual,NR,Number,HBEDI_PSY,Psychiatric care beds in hospitals (HP.1),IE,Ireland,1991,,8918.00,,,,,
dataflow,ESTAT:HLTH_RS_BDS(1.0),Hospital beds by type of care - historical data (1960-2020),A,Annual,NR,Number,HBEDI_PSY,Psychiatric care beds in hospitals (HP.1),IE,Ireland,1992,,8017.00,,,,,
dataflow,ESTAT:HLTH_RS_BDS(1.0),Hospital beds by type of care - historical data (1960-2020),A,Annual,NR,Number,HBEDI_PSY,Psychiatric care beds in hospitals (HP.1),IE,Ireland,1993,,7561.00,,,,,
dataflow,ESTAT:HLTH_RS_BDS(1.0),Hospital beds by type of care - historical data (1960-2020),A,Annual,NR,Number,HBEDI_PSY,Psychiatric care beds in hospitals (HP.1),IE,Ireland,1994,,7001.00,,,,,
dataflow,ESTAT:HLTH_RS_BDS(1.0),Hospital beds by type of care - historical data (1960-2020),A,Annual,NR,Number,HBEDI_PSY,Psychiatric care beds in hospitals (HP.1),IE,Ireland,1995,,6669.00,,,,,
dataflow,ESTAT:HLTH_RS_BDS(1.0),Hospital beds by type of care - historical data (1960-2020),A,Annual,NR,Number,HBEDI_PSY,Psychiatric care beds in hospitals (HP.1),IE,Ireland,1996,,6171.00,,,,,
dataflow,ESTAT:HLTH_RS_BDS(1.0),Hospital beds by type of care - historical data (1960-2020),A,Annual,NR,Number,HBEDI_PSY,Psychiatric care beds in hospitals (HP.1),IE,Ireland,1997,,5754.00,,,,,
dataflow,ESTAT:HLTH_RS_BDS(1.0),Hospital beds by type of care - historical data (1960-2020),A,Annual,NR,Number,HBEDI_PSY,Psychiatric care beds in hospitals (HP.1),IE,Ireland,1998,,5557.00,,,,,
dataflow,ESTAT:HLTH_RS_BDS(1.0),Hospital beds by type of care - historical data (1960-2020),A,Annual,NR,Number,HBEDI_PSY,Psychiatric care beds in hospitals (HP.1),IE,Ireland,1999,,5344.00,,,,,
dataflow,ESTAT:HLTH_RS_BDS(1.0),Hospital beds by type of care - historical data (1960-2020),A,Annual,NR,Number,HBEDI_PSY,Psychiatric care beds in hospitals (HP.1),IE,Ireland,2000,,5369.00,,,,,
dataflow,ESTAT:HLTH_RS_BDS(1.0),Hospital beds by type of care - historical data (1960-2020),A,Annual,NR,Number,HBEDI_PSY,Psychiatric care beds in hospitals (HP.1),IE,Ireland,2001,,4947.00,,,,,
dataflow,ESTAT:HLTH_RS_BDS(1.0),Hospital beds by type of care - historical data (1960-2020),A,Annual,NR,Number,HBEDI_PSY,Psychiatric care beds in hospitals (HP.1),IE,Ireland,2002,,4554.00,,,,,
dataflow,ESTAT:HLTH_RS_BDS(1.0),Hospital beds by type of care - historical data (1960-2020),A,Annual,NR,Number,HBEDI_PSY,Psychiatric care beds in hospitals (HP.1),IE,Ireland,2003,,4334.00,,,,,
dataflow,ESTAT:HLTH_RS_BDS(1.0),Hospital beds by type of care - historical data (1960-2020),A,Annual,NR,Number,HBEDI_PSY,Psychiatric care beds in hospitals (HP.1),IE,Ireland,2004,,4121.00,,,,,
dataflow,ESTAT:HLTH_RS_BDS(1.0),Hospital beds by type of care - historical data (1960-2020),A,Annual,NR,Number,HBEDI_PSY,Psychiatric care beds in hospitals (HP.1),IE,Ireland,2005,,3975.00,,,,,
dataflow,ESTAT:HLTH_RS_BDS(1.0),Hospital beds by type of care - historical data (1960-2020),A,Annual,NR,Number,HBEDI_PSY,Psychiatric care beds in hospitals (HP.1),IE,Ireland,2006,,3897.00,,,,,
dataflow,ESTAT:HLTH_RS_BDS(1.0),Hospital beds by type of care - historical data (1960-2020),A,Annual,NR,Number,HBEDI_PSY,Psychiatric care beds in hospitals (HP.1),IE,Ireland,2007,,3721.00,,,,,
dataflow,ESTAT:HLTH_RS_BDS(1.0),Hospital beds by type of care - historical data (1960-2020),A,Annual,NR,Number,HBEDI_PSY,Psychiatric care beds in hospitals (HP.1),IE,Ireland,2008,,3511.00,,,,,
dataflow,ESTAT:HLTH_RS_BDS(1.0),Hospital beds by type of care - historical data (1960-2020),A,Annual,NR,Number,HBEDI_PSY,Psychiatric care beds in hospitals (HP.1),IE,Ireland,2009,,1760.00,,b,break in time series,,
dataflow,ESTAT:HLTH_RS_BDS(1.0),Hospital beds by type of care - historical data (1960-2020),A,Annual,NR,Number,HBEDI_PSY,Psychiatric care beds in hospitals (HP.1),IE,Ireland,2010,,1748.00,,,,,
dataflow,ESTAT:HLTH_RS_BDS(1.0),Hospital beds by type of care - historical data (1960-2020),A,Annual,NR,Number,HBEDI_PSY,Psychiatric care beds in hospitals (HP.1),IE,Ireland,2011,,1624.00,,,,,
dataflow,ESTAT:HLTH_RS_BDS(1.0),Hospital beds by type of care - historical data (1960-2020),A,Annual,NR,Number,HBEDI_PSY,Psychiatric care beds in hospitals (HP.1),IE,Ireland,2012,,1609.00,,,,,
dataflow,ESTAT:HLTH_RS_BDS(1.0),Hospital beds by type of care - historical data (1960-2020),A,Annual,NR,Number,HBEDI_PSY,Psychiatric care beds in hospitals (HP.1),IE,Ireland,2013,,1610.00,,,,,
dataflow,ESTAT:HLTH_RS_BDS(1.0),Hospital beds by type of care - historical data (1960-2020),A,Annual,NR,Number,HBEDI_PSY,Psychiatric care beds in hospitals (HP.1),IE,Ireland,2014,,1640.00,,,,,
dataflow,ESTAT:HLTH_RS_BDS(1.0),Hospital beds by type of care - historical data (1960-2020),A,Annual,NR,Number,HBEDI_PSY,Psychiatric care beds in hospitals (HP.1),IE,Ireland,2015,,1629.00,,,,,
dataflow,ESTAT:HLTH_RS_BDS(1.0),Hospital beds by type of care - historical data (1960-2020),A,Annual,NR,Number,HBEDI_PSY,Psychiatric care beds in hospitals (HP.1),IE,Ireland,2016,,1630.00,,,,,
dataflow,ESTAT:HLTH_RS_BDS(1.0),Hospital beds by type of care - historical data (1960-2020),A,Annual,NR,Number,HBEDI_PSY,Psychiatric care beds in hospitals (HP.1),IE,Ireland,2017,,1641.00,,,,,
dataflow,ESTAT:HLTH_RS_BDS(1.0),Hospital beds by type of care - historical data (1960-2020),A,Annual,NR,Number,HBEDI_PSY,Psychiatric care beds in hospitals (HP.1),IE,Ireland,2018,,1634.00,,,,,
dataflow,ESTAT:HLTH_RS_BDS(1.0),Hospital beds by type of care - historical data (1960-2020),A,Annual,NR,Number,HBEDI_PSY,Psychiatric care beds in hospitals (HP.1),IE,Ireland,2019,,1613.00,,,,,
dataflow,ESTAT:HLTH_RS_BDS(1.0),Hospital beds by type of care - historical data (1960-2020),A,Annual,NR,Number,HBEDI_PSY,Psychiatric care beds in hospitals (HP.1),IS,Iceland,2007,,185.00,,,,,
dataflow,ESTAT:HLTH_RS_BDS(1.0),Hospital beds by type of care - historical data (1960-2020),A,Annual,NR,Number,HBEDI_PSY,Psychiatric care beds in hospitals (HP.1),IS,Iceland,2008,,194.00,,,,,
dataflow,ESTAT:HLTH_RS_BDS(1.0),Hospital beds by type of care - historical data (1960-2020),A,Annual,NR,Number,HBEDI_PSY,Psychiatric care beds in hospitals (HP.1),IS,Iceland,2009,,190.00,,,,,
dataflow,ESTAT:HLTH_RS_BDS(1.0),Hospital beds by type of care - historical data (1960-2020),A,Annual,NR,Number,HBEDI_PSY,Psychiatric care beds in hospitals (HP.1),IS,Iceland,2010,,153.00,,,,,
dataflow,ESTAT:HLTH_RS_BDS(1.0),Hospital beds by type of care - historical data (1960-2020),A,Annual,NR,Number,HBEDI_PSY,Psychiatric care beds in hospitals (HP.1),IS,Iceland,2011,,152.00,,,,,
dataflow,ESTAT:HLTH_RS_BDS(1.0),Hospital beds by type of care - historical data (1960-2020),A,Annual,NR,Number,HBEDI_PSY,Psychiatric care beds in hospitals (HP.1),IS,Iceland,2012,,152.00,,,,,
dataflow,ESTAT:HLTH_RS_BDS(1.0),Hospital beds by type of care - historical data (1960-2020),A,Annual,NR,Number,HBEDI_PSY,Psychiatric care beds in hospitals (HP.1),IS,Iceland,2013,,150.00,,,,,
dataflow,ESTAT:HLTH_RS_BDS(1.0),Hospital beds by type of care - historical data (1960-2020),A,Annual,NR,Number,HBEDI_PSY,Psychiatric care beds in hospitals (HP.1),IS,Iceland,2014,,145.00,,,,,
dataflow,ESTAT:HLTH_RS_BDS(1.0),Hospital beds by type of care - historical data (1960-2020),A,Annual,NR,Number,HBEDI_PSY,Psychiatric care beds in hospitals (HP.1),IS,Iceland,2015,,145.00,,,,,
dataflow,ESTAT:HLTH_RS_BDS(1.0),Hospital beds by type of care - historical data (1960-2020),A,Annual,NR,Number,HBEDI_PSY,Psychiatric care beds in hospitals (HP.1),IS,Iceland,2016,,145.00,,,,,
dataflow,ESTAT:HLTH_RS_BDS(1.0),Hospital beds by type of care - historical data (1960-2020),A,Annual,NR,Number,HBEDI_PSY,Psychiatric care beds in hospitals (HP.1),IS,Iceland,2017,,130.00,,,,,
dataflow,ESTAT:HLTH_RS_BDS(1.0),Hospital beds by type of care - historical data (1960-2020),A,Annual,NR,Number,HBEDI_PSY,Psychiatric care beds in hospitals (HP.1),IS,Iceland,2018,,129.00,,,,,
dataflow,ESTAT:HLTH_RS_BDS(1.0),Hospital beds by type of care - historical data (1960-2020),A,Annual,NR,Number,HBEDI_PSY,Psychiatric care beds in hospitals (HP.1),IS,Iceland,2019,,129.00,,,,,
dataflow,ESTAT:HLTH_RS_BDS(1.0),Hospital beds by type of care - historical data (1960-2020),A,Annual,NR,Number,HBEDI_PSY,Psychiatric care beds in hospitals (HP.1),IT,Italy,1975,,106002.00,,,,,
dataflow,ESTAT:HLTH_RS_BDS(1.0),Hospital beds by type of care - historical data (1960-2020),A,Annual,NR,Number,HBEDI_PSY,Psychiatric care beds in hospitals (HP.1),IT,Italy,1976,,102716.00,,,,,
dataflow,ESTAT:HLTH_RS_BDS(1.0),Hospital beds by type of care - historical data (1960-2020),A,Annual,NR,Number,HBEDI_PSY,Psychiatric care beds in hospitals (HP.1),IT,Italy,1977,,98993.00,,,,,
dataflow,ESTAT:HLTH_RS_BDS(1.0),Hospital beds by type of care - historical data (1960-2020),A,Annual,NR,Number,HBEDI_PSY,Psychiatric care beds in hospitals (HP.1),IT,Italy,1978,,92739.00,,,,,
dataflow,ESTAT:HLTH_RS_BDS(1.0),Hospital beds by type of care - historical data (1960-2020),A,Annual,NR,Number,HBEDI_PSY,Psychiatric care beds in hospitals (HP.1),IT,Italy,1979,,85971.00,,,,,
dataflow,ESTAT:HLTH_RS_BDS(1.0),Hospital beds by type of care - historical data (1960-2020),A,Annual,NR,Number,HBEDI_PSY,Psychiatric care beds in hospitals (HP.1),IT,Italy,1980,,82187.00,,,,,
dataflow,ESTAT:HLTH_RS_BDS(1.0),Hospital beds by type of care - historical data (1960-2020),A,Annual,NR,Number,HBEDI_PSY,Psychiatric care beds in hospitals (HP.1),IT,Italy,1981,,75590.00,,,,,
dataflow,ESTAT:HLTH_RS_BDS(1.0),Hospital beds by type of care - historical data (1960-2020),A,Annual,NR,Number,HBEDI_PSY,Psychiatric care beds in hospitals (HP.1),IT,Italy,1982,,72266.00,,,,,
dataflow,ESTAT:HLTH_RS_BDS(1.0),Hospital beds by type of care - historical data (1960-2020),A,Annual,NR,Number,HBEDI_PSY,Psychiatric care beds in hospitals (HP.1),IT,Italy,1983,,68595.00,,,,,
dataflow,ESTAT:HLTH_RS_BDS(1.0),Hospital beds by type of care - historical data (1960-2020),A,Annual,NR,Number,HBEDI_PSY,Psychiatric care beds in hospitals (HP.1),IT,Italy,1984,,63948.00,,,,,
dataflow,ESTAT:HLTH_RS_BDS(1.0),Hospital beds by type of care - historical data (1960-2020),A,Annual,NR,Number,HBEDI_PSY,Psychiatric care beds in hospitals (HP.1),IT,Italy,1985,,63188.00,,,,,
dataflow,ESTAT:HLTH_RS_BDS(1.0),Hospital beds by type of care - historical data (1960-2020),A,Annual,NR,Number,HBEDI_PSY,Psychiatric care beds in hospitals (HP.1),IT,Italy,1986,,58415.00,,,,,
dataflow,ESTAT:HLTH_RS_BDS(1.0),Hospital beds by type of care - historical data (1960-2020),A,Annual,NR,Number,HBEDI_PSY,Psychiatric care beds in hospitals (HP.1),IT,Italy,1987,,55978.00,,,,,
dataflow,ESTAT:HLTH_RS_BDS(1.0),Hospital beds by type of care - historical data (1960-2020),A,Annual,NR,Number,HBEDI_PSY,Psychiatric care beds in hospitals (HP.1),IT,Italy,1988,,52840.00,,,,,
dataflow,ESTAT:HLTH_RS_BDS(1.0),Hospital beds by type of care - historical data (1960-2020),A,Annual,NR,Number,HBEDI_PSY,Psychiatric care beds in hospitals (HP.1),IT,Italy,1989,,47480.00,,,,,
dataflow,ESTAT:HLTH_RS_BDS(1.0),Hospital beds by type of care - historical data (1960-2020),A,Annual,NR,Number,HBEDI_PSY,Psychiatric care beds in hospitals (HP.1),IT,Italy,1990,,47786.00,,,,,
dataflow,ESTAT:HLTH_RS_BDS(1.0),Hospital beds by type of care - historical data (1960-2020),A,Annual,NR,Number,HBEDI_PSY,Psychiatric care beds in hospitals (HP.1),IT,Italy,1991,,42431.00,,,,,
dataflow,ESTAT:HLTH_RS_BDS(1.0),Hospital beds by type of care - historical data (1960-2020),A,Annual,NR,Number,HBEDI_PSY,Psychiatric care beds in hospitals (HP.1),IT,Italy,1992,,41168.00,,,,,
dataflow,ESTAT:HLTH_RS_BDS(1.0),Hospital beds by type of care - historical data (1960-2020),A,Annual,NR,Number,HBEDI_PSY,Psychiatric care beds in hospitals (HP.1),IT,Italy,1993,,39668.00,,,,,
dataflow,ESTAT:HLTH_RS_BDS(1.0),Hospital beds by type of care - historical data (1960-2020),A,Annual,NR,Number,HBEDI_PSY,Psychiatric care beds in hospitals (HP.1),IT,Italy,1994,,39115.00,,,,,
dataflow,ESTAT:HLTH_RS_BDS(1.0),Hospital beds by type of care - historical data (1960-2020),A,Annual,NR,Number,HBEDI_PSY,Psychiatric care beds in hospitals (HP.1),IT,Italy,1995,,27584.00,,,,,
dataflow,ESTAT:HLTH_RS_BDS(1.0),Hospital beds by type of care - historical data (1960-2020),A,Annual,NR,Number,HBEDI_PSY,Psychiatric care beds in hospitals (HP.1),IT,Italy,1996,,31198.00,,,,,
dataflow,ESTAT:HLTH_RS_BDS(1.0),Hospital beds by type of care - historical data (1960-2020),A,Annual,NR,Number,HBEDI_PSY,Psychiatric care beds in hospitals (HP.1),IT,Italy,1997,,22568.00,,,,,
dataflow,ESTAT:HLTH_RS_BDS(1.0),Hospital beds by type of care - historical data (1960-2020),A,Annual,NR,Number,HBEDI_PSY,Psychiatric care beds in hospitals (HP.1),IT,Italy,1998,,18825.00,,,,,
dataflow,ESTAT:HLTH_RS_BDS(1.0),Hospital beds by type of care - historical data (1960-2020),A,Annual,NR,Number,HBEDI_PSY,Psychiatric care beds in hospitals (HP.1),IT,Italy,1999,,9217.00,,,,,
dataflow,ESTAT:HLTH_RS_BDS(1.0),Hospital beds by type of care - historical data (1960-2020),A,Annual,NR,Number,HBEDI_PSY,Psychiatric care beds in hospitals (HP.1),IT,Italy,2000,,8441.00,,,,,
dataflow,ESTAT:HLTH_RS_BDS(1.0),Hospital beds by type of care - historical data (1960-2020),A,Annual,NR,Number,HBEDI_PSY,Psychiatric care beds in hospitals (HP.1),IT,Italy,2001,,8210.00,,,,,
dataflow,ESTAT:HLTH_RS_BDS(1.0),Hospital beds by type of care - historical data (1960-2020),A,Annual,NR,Number,HBEDI_PSY,Psychiatric care beds in hospitals (HP.1),IT,Italy,2002,,8233.00,,,,,
dataflow,ESTAT:HLTH_RS_BDS(1.0),Hospital beds by type of care - historical data (1960-2020),A,Annual,NR,Number,HBEDI_PSY,Psychiatric care beds in hospitals (HP.1),IT,Italy,2003,,7800.00,,,,,
dataflow,ESTAT:HLTH_RS_BDS(1.0),Hospital beds by type of care - historical data (1960-2020),A,Annual,NR,Number,HBEDI_PSY,Psychiatric care beds in hospitals (HP.1),IT,Italy,2004,,7604.00,,,,,
dataflow,ESTAT:HLTH_RS_BDS(1.0),Hospital beds by type of care - historical data (1960-2020),A,Annual,NR,Number,HBEDI_PSY,Psychiatric care beds in hospitals (HP.1),IT,Italy,2005,,7761.00,,,,,
dataflow,ESTAT:HLTH_RS_BDS(1.0),Hospital beds by type of care - historical data (1960-2020),A,Annual,NR,Number,HBEDI_PSY,Psychiatric care beds in hospitals (HP.1),IT,Italy,2006,,7675.00,,,,,
dataflow,ESTAT:HLTH_RS_BDS(1.0),Hospital beds by type of care - historical data (1960-2020),A,Annual,NR,Number,HBEDI_PSY,Psychiatric care beds in hospitals (HP.1),IT,Italy,2007,,6861.00,,,,,
dataflow,ESTAT:HLTH_RS_BDS(1.0),Hospital beds by type of care - historical data (1960-2020),A,Annual,NR,Number,HBEDI_PSY,Psychiatric care beds in hospitals (HP.1),IT,Italy,2008,,6585.00,,,,,
dataflow,ESTAT:HLTH_RS_BDS(1.0),Hospital beds by type of care - historical data (1960-2020),A,Annual,NR,Number,HBEDI_PSY,Psychiatric care beds in hospitals (HP.1),IT,Italy,2009,,6382.00,,,,,
dataflow,ESTAT:HLTH_RS_BDS(1.0),Hospital beds by type of care - historical data (1960-2020),A,Annual,NR,Number,HBEDI_PSY,Psychiatric care beds in hospitals (HP.1),IT,Italy,2010,,6089.00,,,,,
dataflow,ESTAT:HLTH_RS_BDS(1.0),Hospital beds by type of care - historical data (1960-2020),A,Annual,NR,Number,HBEDI_PSY,Psychiatric care beds in hospitals (HP.1),IT,Italy,2011,,6086.00,,,,,
dataflow,ESTAT:HLTH_RS_BDS(1.0),Hospital beds by type of care - historical data (1960-2020),A,Annual,NR,Number,HBEDI_PSY,Psychiatric care beds in hospitals (HP.1),IT,Italy,2012,,5682.00,,,,,
dataflow,ESTAT:HLTH_RS_BDS(1.0),Hospital beds by type of care - historical data (1960-2020),A,Annual,NR,Number,HBEDI_PSY,Psychiatric care beds in hospitals (HP.1),IT,Italy,2013,,5734.00,,,,,
dataflow,ESTAT:HLTH_RS_BDS(1.0),Hospital beds by type of care - historical data (1960-2020),A,Annual,NR,Number,HBEDI_PSY,Psychiatric care beds in hospitals (HP.1),IT,Italy,2014,,5642.00,,,,,
dataflow,ESTAT:HLTH_RS_BDS(1.0),Hospital beds by type of care - historical data (1960-2020),A,Annual,NR,Number,HBEDI_PSY,Psychiatric care beds in hospitals (HP.1),IT,Italy,2015,,5671.00,,,,,
dataflow,ESTAT:HLTH_RS_BDS(1.0),Hospital beds by type of care - historical data (1960-2020),A,Annual,NR,Number,HBEDI_PSY,Psychiatric care beds in hospitals (HP.1),IT,Italy,2016,,5545.00,,,,,
dataflow,ESTAT:HLTH_RS_BDS(1.0),Hospital beds by type of care - historical data (1960-2020),A,Annual,NR,Number,HBEDI_PSY,Psychiatric care beds in hospitals (HP.1),IT,Italy,2017,,5562.00,,,,,
dataflow,ESTAT:HLTH_RS_BDS(1.0),Hospital beds by type of care - historical data (1960-2020),A,Annual,NR,Number,HBEDI_PSY,Psychiatric care beds in hospitals (HP.1),IT,Italy,2018,,5358.00,,,,,
dataflow,ESTAT:HLTH_RS_BDS(1.0),Hospital beds by type of care - historical data (1960-2020),A,Annual,NR,Number,HBEDI_PSY,Psychiatric care beds in hospitals (HP.1),IT,Italy,2019,,4860.00,,,,,
dataflow,ESTAT:HLTH_RS_BDS(1.0),Hospital beds by type of care - historical data (1960-2020),A,Annual,NR,Number,HBEDI_PSY,Psychiatric care beds in hospitals (HP.1),LI,Liechtenstein,1985,,0.00,,,,,
dataflow,ESTAT:HLTH_RS_BDS(1.0),Hospital beds by type of care - historical data (1960-2020),A,Annual,NR,Number,HBEDI_PSY,Psychiatric care beds in hospitals (HP.1),LI,Liechtenstein,1986,,0.00,,,,,
dataflow,ESTAT:HLTH_RS_BDS(1.0),Hospital beds by type of care - historical data (1960-2020),A,Annual,NR,Number,HBEDI_PSY,Psychiatric care beds in hospitals (HP.1),LI,Liechtenstein,1987,,0.00,,,,,
dataflow,ESTAT:HLTH_RS_BDS(1.0),Hospital beds by type of care - historical data (1960-2020),A,Annual,NR,Number,HBEDI_PSY,Psychiatric care beds in hospitals (HP.1),LI,Liechtenstein,1988,,0.00,,,,,
dataflow,ESTAT:HLTH_RS_BDS(1.0),Hospital beds by type of care - historical data (1960-2020),A,Annual,NR,Number,HBEDI_PSY,Psychiatric care beds in hospitals (HP.1),LI,Liechtenstein,1989,,0.00,,,,,
dataflow,ESTAT:HLTH_RS_BDS(1.0),Hospital beds by type of care - historical data (1960-2020),A,Annual,NR,Number,HBEDI_PSY,Psychiatric care beds in hospitals (HP.1),LI,Liechtenstein,1990,,0.00,,,,,
dataflow,ESTAT:HLTH_RS_BDS(1.0),Hospital beds by type of care - historical data (1960-2020),A,Annual,NR,Number,HBEDI_PSY,Psychiatric care beds in hospitals (HP.1),LI,Liechtenstein,1991,,0.00,,,,,
dataflow,ESTAT:HLTH_RS_BDS(1.0),Hospital beds by type of care - historical data (1960-2020),A,Annual,NR,Number,HBEDI_PSY,Psychiatric care beds in hospitals (HP.1),LI,Liechtenstein,1992,,0.00,,,,,
dataflow,ESTAT:HLTH_RS_BDS(1.0),Hospital beds by type of care - historical data (1960-2020),A,Annual,NR,Number,HBEDI_PSY,Psychiatric care beds in hospitals (HP.1),LI,Liechtenstein,1993,,0.00,,,,,
dataflow,ESTAT:HLTH_RS_BDS(1.0),Hospital beds by type of care - historical data (1960-2020),A,Annual,NR,Number,HBEDI_PSY,Psychiatric care beds in hospitals (HP.1),LI,Liechtenstein,1994,,0.00,,,,,
dataflow,ESTAT:HLTH_RS_BDS(1.0),Hospital beds by type of care - historical data (1960-2020),A,Annual,NR,Number,HBEDI_PSY,Psychiatric care beds in hospitals (HP.1),LI,Liechtenstein,1995,,0.00,,,,,
dataflow,ESTAT:HLTH_RS_BDS(1.0),Hospital beds by type of care - historical data (1960-2020),A,Annual,NR,Number,HBEDI_PSY,Psychiatric care beds in hospitals (HP.1),LI,Liechtenstein,1996,,0.00,,,,,
dataflow,ESTAT:HLTH_RS_BDS(1.0),Hospital beds by type of care - historical data (1960-2020),A,Annual,NR,Number,HBEDI_PSY,Psychiatric care beds in hospitals (HP.1),LI,Liechtenstein,1997,,0.00,,,,,
dataflow,ESTAT:HLTH_RS_BDS(1.0),Hospital beds by type of care - historical data (1960-2020),A,Annual,NR,Number,HBEDI_PSY,Psychiatric care beds in hospitals (HP.1),LI,Liechtenstein,1998,,0.00,,,,,
dataflow,ESTAT:HLTH_RS_BDS(1.0),Hospital beds by type of care - historical data (1960-2020),A,Annual,NR,Number,HBEDI_PSY,Psychiatric care beds in hospitals (HP.1),LI,Liechtenstein,1999,,0.00,,,,,
dataflow,ESTAT:HLTH_RS_BDS(1.0),Hospital beds by type of care - historical data (1960-2020),A,Annual,NR,Number,HBEDI_PSY,Psychiatric care beds in hospitals (HP.1),LI,Liechtenstein,2000,,0.00,,,,,
dataflow,ESTAT:HLTH_RS_BDS(1.0),Hospital beds by type of care - historical data (1960-2020),A,Annual,NR,Number,HBEDI_PSY,Psychiatric care beds in hospitals (HP.1),LI,Liechtenstein,2001,,0.00,,,,,
dataflow,ESTAT:HLTH_RS_BDS(1.0),Hospital beds by type of care - historical data (1960-2020),A,Annual,NR,Number,HBEDI_PSY,Psychiatric care beds in hospitals (HP.1),LI,Liechtenstein,2002,,0.00,,,,,
dataflow,ESTAT:HLTH_RS_BDS(1.0),Hospital beds by type of care - historical data (1960-2020),A,Annual,NR,Number,HBEDI_PSY,Psychiatric care beds in hospitals (HP.1),LI,Liechtenstein,2003,,0.00,,,,,
dataflow,ESTAT:HLTH_RS_BDS(1.0),Hospital beds by type of care - historical data (1960-2020),A,Annual,NR,Number,HBEDI_PSY,Psychiatric care beds in hospitals (HP.1),LI,Liechtenstein,2004,,0.00,,,,,
dataflow,ESTAT:HLTH_RS_BDS(1.0),Hospital beds by type of care - historical data (1960-2020),A,Annual,NR,Number,HBEDI_PSY,Psychiatric care beds in hospitals (HP.1),LI,Liechtenstein,2005,,0.00,,,,,
dataflow,ESTAT:HLTH_RS_BDS(1.0),Hospital beds by type of care - historical data (1960-2020),A,Annual,NR,Number,HBEDI_PSY,Psychiatric care beds in hospitals (HP.1),LI,Liechtenstein,2006,,0.00,,,,,
dataflow,ESTAT:HLTH_RS_BDS(1.0),Hospital beds by type of care - historical data (1960-2020),A,Annual,NR,Number,HBEDI_PSY,Psychiatric care beds in hospitals (HP.1),LI,Liechtenstein,2007,,0.00,,,,,
dataflow,ESTAT:HLTH_RS_BDS(1.0),Hospital beds by type of care - historical data (1960-2020),A,Annual,NR,Number,HBEDI_PSY,Psychiatric care beds in hospitals (HP.1),LI,Liechtenstein,2008,,0.00,,,,,
dataflow,ESTAT:HLTH_RS_BDS(1.0),Hospital beds by type of care - historical data (1960-2020),A,Annual,NR,Number,HBEDI_PSY,Psychiatric care beds in hospitals (HP.1),LI,Liechtenstein,2009,,0.00,,,,,
dataflow,ESTAT:HLTH_RS_BDS(1.0),Hospital beds by type of care - historical data (1960-2020),A,Annual,NR,Number,HBEDI_PSY,Psychiatric care beds in hospitals (HP.1),LI,Liechtenstein,2010,,0.00,,,,,
dataflow,ESTAT:HLTH_RS_BDS(1.0),Hospital beds by type of care - historical data (1960-2020),A,Annual,NR,Number,HBEDI_PSY,Psychiatric care beds in hospitals (HP.1),LI,Liechtenstein,2011,,0.00,,,,,
dataflow,ESTAT:HLTH_RS_BDS(1.0),Hospital beds by type of care - historical data (1960-2020),A,Annual,NR,Number,HBEDI_PSY,Psychiatric care beds in hospitals (HP.1),LI,Liechtenstein,2012,,0.00,,,,,
dataflow,ESTAT:HLTH_RS_BDS(1.0),Hospital beds by type of care - historical data (1960-2020),A,Annual,NR,Number,HBEDI_PSY,Psychiatric care beds in hospitals (HP.1),LI,Liechtenstein,2013,,0.00,,,,,
dataflow,ESTAT:HLTH_RS_BDS(1.0),Hospital beds by type of care - historical data (1960-2020),A,Annual,NR,Number,HBEDI_PSY,Psychiatric care beds in hospitals (HP.1),LI,Liechtenstein,2014,,0.00,,,,,
dataflow,ESTAT:HLTH_RS_BDS(1.0),Hospital beds by type of care - historical data (1960-2020),A,Annual,NR,Number,HBEDI_PSY,Psychiatric care beds in hospitals (HP.1),LI,Liechtenstein,2015,,0.00,,,,,
dataflow,ESTAT:HLTH_RS_BDS(1.0),Hospital beds by type of care - historical data (1960-2020),A,Annual,NR,Number,HBEDI_PSY,Psychiatric care beds in hospitals (HP.1),LI,Liechtenstein,2016,,0.00,,,,,
dataflow,ESTAT:HLTH_RS_BDS(1.0),Hospital beds by type of care - historical data (1960-2020),A,Annual,NR,Number,HBEDI_PSY,Psychiatric care beds in hospitals (HP.1),LI,Liechtenstein,2017,,0.00,,,,,
dataflow,ESTAT:HLTH_RS_BDS(1.0),Hospital beds by type of care - historical data (1960-2020),A,Annual,NR,Number,HBEDI_PSY,Psychiatric care beds in hospitals (HP.1),LI,Liechtenstein,2018,,0.00,,,,,
dataflow,ESTAT:HLTH_RS_BDS(1.0),Hospital beds by type of care - historical data (1960-2020),A,Annual,NR,Number,HBEDI_PSY,Psychiatric care beds in hospitals (HP.1),LI,Liechtenstein,2019,,17.00,,,,,
dataflow,ESTAT:HLTH_RS_BDS(1.0),Hospital beds by type of care - historical data (1960-2020),A,Annual,NR,Number,HBEDI_PSY,Psychiatric care beds in hospitals (HP.1),LT,Lithuania,1980,,5655.00,,,,,
dataflow,ESTAT:HLTH_RS_BDS(1.0),Hospital beds by type of care - historical data (1960-2020),A,Annual,NR,Number,HBEDI_PSY,Psychiatric care beds in hospitals (HP.1),LT,Lithuania,1981,,5945.00,,,,,
dataflow,ESTAT:HLTH_RS_BDS(1.0),Hospital beds by type of care - historical data (1960-2020),A,Annual,NR,Number,HBEDI_PSY,Psychiatric care beds in hospitals (HP.1),LT,Lithuania,1982,,6260.00,,,,,
dataflow,ESTAT:HLTH_RS_BDS(1.0),Hospital beds by type of care - historical data (1960-2020),A,Annual,NR,Number,HBEDI_PSY,Psychiatric care beds in hospitals (HP.1),LT,Lithuania,1983,,6380.00,,,,,
dataflow,ESTAT:HLTH_RS_BDS(1.0),Hospital beds by type of care - historical data (1960-2020),A,Annual,NR,Number,HBEDI_PSY,Psychiatric care beds in hospitals (HP.1),LT,Lithuania,1984,,6665.00,,,,,
dataflow,ESTAT:HLTH_RS_BDS(1.0),Hospital beds by type of care - historical data (1960-2020),A,Annual,NR,Number,HBEDI_PSY,Psychiatric care beds in hospitals (HP.1),LT,Lithuania,1985,,6645.00,,,,,
dataflow,ESTAT:HLTH_RS_BDS(1.0),Hospital beds by type of care - historical data (1960-2020),A,Annual,NR,Number,HBEDI_PSY,Psychiatric care beds in hospitals (HP.1),LT,Lithuania,1986,,6680.00,,,,,
dataflow,ESTAT:HLTH_RS_BDS(1.0),Hospital beds by type of care - historical data (1960-2020),A,Annual,NR,Number,HBEDI_PSY,Psychiatric care beds in hospitals (HP.1),LT,Lithuania,1987,,6935.00,,,,,
dataflow,ESTAT:HLTH_RS_BDS(1.0),Hospital beds by type of care - historical data (1960-2020),A,Annual,NR,Number,HBEDI_PSY,Psychiatric care beds in hospitals (HP.1),LT,Lithuania,1988,,7010.00,,,,,
dataflow,ESTAT:HLTH_RS_BDS(1.0),Hospital beds by type of care - historical data (1960-2020),A,Annual,NR,Number,HBEDI_PSY,Psychiatric care beds in hospitals (HP.1),LT,Lithuania,1989,,7055.00,,,,,
dataflow,ESTAT:HLTH_RS_BDS(1.0),Hospital beds by type of care - historical data (1960-2020),A,Annual,NR,Number,HBEDI_PSY,Psychiatric care beds in hospitals (HP.1),LT,Lithuania,1990,,6095.00,,,,,
dataflow,ESTAT:HLTH_RS_BDS(1.0),Hospital beds by type of care - historical data (1960-2020),A,Annual,NR,Number,HBEDI_PSY,Psychiatric care beds in hospitals (HP.1),LT,Lithuania,1991,,5920.00,,,,,
dataflow,ESTAT:HLTH_RS_BDS(1.0),Hospital beds by type of care - historical data (1960-2020),A,Annual,NR,Number,HBEDI_PSY,Psychiatric care beds in hospitals (HP.1),LT,Lithuania,1992,,5495.00,,,,,
dataflow,ESTAT:HLTH_RS_BDS(1.0),Hospital beds by type of care - historical data (1960-2020),A,Annual,NR,Number,HBEDI_PSY,Psychiatric care beds in hospitals (HP.1),LT,Lithuania,1993,,5431.00,,,,,
dataflow,ESTAT:HLTH_RS_BDS(1.0),Hospital beds by type of care - historical data (1960-2020),A,Annual,NR,Number,HBEDI_PSY,Psychiatric care beds in hospitals (HP.1),LT,Lithuania,1994,,4968.00,,,,,
dataflow,ESTAT:HLTH_RS_BDS(1.0),Hospital beds by type of care - historical data (1960-2020),A,Annual,NR,Number,HBEDI_PSY,Psychiatric care beds in hospitals (HP.1),LT,Lithuania,1995,,4857.00,,,,,
dataflow,ESTAT:HLTH_RS_BDS(1.0),Hospital beds by type of care - historical data (1960-2020),A,Annual,NR,Number,HBEDI_PSY,Psychiatric care beds in hospitals (HP.1),LT,Lithuania,1996,,4807.00,,,,,
dataflow,ESTAT:HLTH_RS_BDS(1.0),Hospital beds by type of care - historical data (1960-2020),A,Annual,NR,Number,HBEDI_PSY,Psychiatric care beds in hospitals (HP.1),LT,Lithuania,1997,,4604.00,,,,,
dataflow,ESTAT:HLTH_RS_BDS(1.0),Hospital beds by type of care - historical data (1960-2020),A,Annual,NR,Number,HBEDI_PSY,Psychiatric care beds in hospitals (HP.1),LT,Lithuania,1998,,4445.00,,,,,
dataflow,ESTAT:HLTH_RS_BDS(1.0),Hospital beds by type of care - historical data (1960-2020),A,Annual,NR,Number,HBEDI_PSY,Psychiatric care beds in hospitals (HP.1),LT,Lithuania,1999,,4477.00,,,,,
dataflow,ESTAT:HLTH_RS_BDS(1.0),Hospital beds by type of care - historical data (1960-2020),A,Annual,NR,Number,HBEDI_PSY,Psychiatric care beds in hospitals (HP.1),LT,Lithuania,2000,,4470.00,,,,,
dataflow,ESTAT:HLTH_RS_BDS(1.0),Hospital beds by type of care - historical data (1960-2020),A,Annual,NR,Number,HBEDI_PSY,Psychiatric care beds in hospitals (HP.1),LT,Lithuania,2001,,4262.00,,,,,
dataflow,ESTAT:HLTH_RS_BDS(1.0),Hospital beds by type of care - historical data (1960-2020),A,Annual,NR,Number,HBEDI_PSY,Psychiatric care beds in hospitals (HP.1),LT,Lithuania,2002,,3816.00,,,,,
dataflow,ESTAT:HLTH_RS_BDS(1.0),Hospital beds by type of care - historical data (1960-2020),A,Annual,NR,Number,HBEDI_PSY,Psychiatric care beds in hospitals (HP.1),LT,Lithuania,2003,,3722.00,,,,,
dataflow,ESTAT:HLTH_RS_BDS(1.0),Hospital beds by type of care - historical data (1960-2020),A,Annual,NR,Number,HBEDI_PSY,Psychiatric care beds in hospitals (HP.1),LT,Lithuania,2004,,3669.00,,,,,
dataflow,ESTAT:HLTH_RS_BDS(1.0),Hospital beds by type of care - historical data (1960-2020),A,Annual,NR,Number,HBEDI_PSY,Psychiatric care beds in hospitals (HP.1),LT,Lithuania,2005,,3530.00,,,,,
dataflow,ESTAT:HLTH_RS_BDS(1.0),Hospital beds by type of care - historical data (1960-2020),A,Annual,NR,Number,HBEDI_PSY,Psychiatric care beds in hospitals (HP.1),LT,Lithuania,2006,,3474.00,,,,,
dataflow,ESTAT:HLTH_RS_BDS(1.0),Hospital beds by type of care - historical data (1960-2020),A,Annual,NR,Number,HBEDI_PSY,Psychiatric care beds in hospitals (HP.1),LT,Lithuania,2007,,3453.00,,,,,
dataflow,ESTAT:HLTH_RS_BDS(1.0),Hospital beds by type of care - historical data (1960-2020),A,Annual,NR,Number,HBEDI_PSY,Psychiatric care beds in hospitals (HP.1),LT,Lithuania,2008,,3453.00,,,,,
dataflow,ESTAT:HLTH_RS_BDS(1.0),Hospital beds by type of care - historical data (1960-2020),A,Annual,NR,Number,HBEDI_PSY,Psychiatric care beds in hospitals (HP.1),LT,Lithuania,2009,,3409.00,,,,,
dataflow,ESTAT:HLTH_RS_BDS(1.0),Hospital beds by type of care - historical data (1960-2020),A,Annual,NR,Number,HBEDI_PSY,Psychiatric care beds in hospitals (HP.1),LT,Lithuania,2010,,3303.00,,,,,
dataflow,ESTAT:HLTH_RS_BDS(1.0),Hospital beds by type of care - historical data (1960-2020),A,Annual,NR,Number,HBEDI_PSY,Psychiatric care beds in hospitals (HP.1),LT,Lithuania,2011,,3368.00,,,,,
dataflow,ESTAT:HLTH_RS_BDS(1.0),Hospital beds by type of care - historical data (1960-2020),A,Annual,NR,Number,HBEDI_PSY,Psychiatric care beds in hospitals (HP.1),LT,Lithuania,2012,,3306.00,,,,,
dataflow,ESTAT:HLTH_RS_BDS(1.0),Hospital beds by type of care - historical data (1960-2020),A,Annual,NR,Number,HBEDI_PSY,Psychiatric care beds in hospitals (HP.1),LT,Lithuania,2013,,3248.00,,,,,
dataflow,ESTAT:HLTH_RS_BDS(1.0),Hospital beds by type of care - historical data (1960-2020),A,Annual,NR,Number,HBEDI_PSY,Psychiatric care beds in hospitals (HP.1),LT,Lithuania,2014,,3164.00,,,,,
dataflow,ESTAT:HLTH_RS_BDS(1.0),Hospital beds by type of care - historical data (1960-2020),A,Annual,NR,Number,HBEDI_PSY,Psychiatric care beds in hospitals (HP.1),LT,Lithuania,2015,,2986.00,,,,,
dataflow,ESTAT:HLTH_RS_BDS(1.0),Hospital beds by type of care - historical data (1960-2020),A,Annual,NR,Number,HBEDI_PSY,Psychiatric care beds in hospitals (HP.1),LT,Lithuania,2016,,2888.00,,,,,
dataflow,ESTAT:HLTH_RS_BDS(1.0),Hospital beds by type of care - historical data (1960-2020),A,Annual,NR,Number,HBEDI_PSY,Psychiatric care beds in hospitals (HP.1),LT,Lithuania,2017,,2804.00,,,,,
dataflow,ESTAT:HLTH_RS_BDS(1.0),Hospital beds by type of care - historical data (1960-2020),A,Annual,NR,Number,HBEDI_PSY,Psychiatric care beds in hospitals (HP.1),LT,Lithuania,2018,,2735.00,,,,,
dataflow,ESTAT:HLTH_RS_BDS(1.0),Hospital beds by type of care - historical data (1960-2020),A,Annual,NR,Number,HBEDI_PSY,Psychiatric care beds in hospitals (HP.1),LT,Lithuania,2019,,2722.00,,,,,
dataflow,ESTAT:HLTH_RS_BDS(1.0),Hospital beds by type of care - historical data (1960-2020),A,Annual,NR,Number,HBEDI_PSY,Psychiatric care beds in hospitals (HP.1),LU,Luxembourg,2004,,501.00,,,,,
dataflow,ESTAT:HLTH_RS_BDS(1.0),Hospital beds by type of care - historical data (1960-2020),A,Annual,NR,Number,HBEDI_PSY,Psychiatric care beds in hospitals (HP.1),LU,Luxembourg,2005,,452.00,,,,,
dataflow,ESTAT:HLTH_RS_BDS(1.0),Hospital beds by type of care - historical data (1960-2020),A,Annual,NR,Number,HBEDI_PSY,Psychiatric care beds in hospitals (HP.1),LU,Luxembourg,2006,,432.00,,,,,
dataflow,ESTAT:HLTH_RS_BDS(1.0),Hospital beds by type of care - historical data (1960-2020),A,Annual,NR,Number,HBEDI_PSY,Psychiatric care beds in hospitals (HP.1),LU,Luxembourg,2007,,432.00,,,,,
dataflow,ESTAT:HLTH_RS_BDS(1.0),Hospital beds by type of care - historical data (1960-2020),A,Annual,NR,Number,HBEDI_PSY,Psychiatric care beds in hospitals (HP.1),LU,Luxembourg,2008,,432.00,,,,,
dataflow,ESTAT:HLTH_RS_BDS(1.0),Hospital beds by type of care - historical data (1960-2020),A,Annual,NR,Number,HBEDI_PSY,Psychiatric care beds in hospitals (HP.1),LU,Luxembourg,2009,,446.00,,,,,
dataflow,ESTAT:HLTH_RS_BDS(1.0),Hospital beds by type of care - historical data (1960-2020),A,Annual,NR,Number,HBEDI_PSY,Psychiatric care beds in hospitals (HP.1),LU,Luxembourg,2010,,446.00,,,,,
dataflow,ESTAT:HLTH_RS_BDS(1.0),Hospital beds by type of care - historical data (1960-2020),A,Annual,NR,Number,HBEDI_PSY,Psychiatric care beds in hospitals (HP.1),LU,Luxembourg,2011,,454.00,,,,,
dataflow,ESTAT:HLTH_RS_BDS(1.0),Hospital beds by type of care - historical data (1960-2020),A,Annual,NR,Number,HBEDI_PSY,Psychiatric care beds in hospitals (HP.1),LU,Luxembourg,2012,,458.00,,,,,
dataflow,ESTAT:HLTH_RS_BDS(1.0),Hospital beds by type of care - historical data (1960-2020),A,Annual,NR,Number,HBEDI_PSY,Psychiatric care beds in hospitals (HP.1),LU,Luxembourg,2013,,452.00,,,,,
dataflow,ESTAT:HLTH_RS_BDS(1.0),Hospital beds by type of care - historical data (1960-2020),A,Annual,NR,Number,HBEDI_PSY,Psychiatric care beds in hospitals (HP.1),LU,Luxembourg,2014,,452.00,,,,,
dataflow,ESTAT:HLTH_RS_BDS(1.0),Hospital beds by type of care - historical data (1960-2020),A,Annual,NR,Number,HBEDI_PSY,Psychiatric care beds in hospitals (HP.1),LU,Luxembourg,2015,,452.00,,,,,
dataflow,ESTAT:HLTH_RS_BDS(1.0),Hospital beds by type of care - historical data (1960-2020),A,Annual,NR,Number,HBEDI_PSY,Psychiatric care beds in hospitals (HP.1),LU,Luxembourg,2016,,452.00,,,,,
dataflow,ESTAT:HLTH_RS_BDS(1.0),Hospital beds by type of care - historical data (1960-2020),A,Annual,NR,Number,HBEDI_PSY,Psychiatric care beds in hospitals (HP.1),LU,Luxembourg,2017,,451.00,,,,,
dataflow,ESTAT:HLTH_RS_BDS(1.0),Hospital beds by type of care - historical data (1960-2020),A,Annual,NR,Number,HBEDI_PSY,Psychiatric care beds in hospitals (HP.1),LU,Luxembourg,2018,,451.00,,,,,
dataflow,ESTAT:HLTH_RS_BDS(1.0),Hospital beds by type of care - historical data (1960-2020),A,Annual,NR,Number,HBEDI_PSY,Psychiatric care beds in hospitals (HP.1),LU,Luxembourg,2019,,503.00,,,,,
dataflow,ESTAT:HLTH_RS_BDS(1.0),Hospital beds by type of care - historical data (1960-2020),A,Annual,NR,Number,HBEDI_PSY,Psychiatric care beds in hospitals (HP.1),LU,Luxembourg,2020,,503.00,,,,,
dataflow,ESTAT:HLTH_RS_BDS(1.0),Hospital beds by type of care - historical data (1960-2020),A,Annual,NR,Number,HBEDI_PSY,Psychiatric care beds in hospitals (HP.1),LV,Latvia,1980,,5165.00,,,,,
dataflow,ESTAT:HLTH_RS_BDS(1.0),Hospital beds by type of care - historical data (1960-2020),A,Annual,NR,Number,HBEDI_PSY,Psychiatric care beds in hospitals (HP.1),LV,Latvia,1985,,5305.00,,,,,
dataflow,ESTAT:HLTH_RS_BDS(1.0),Hospital beds by type of care - historical data (1960-2020),A,Annual,NR,Number,HBEDI_PSY,Psychiatric care beds in hospitals (HP.1),LV,Latvia,1986,,5470.00,,,,,
dataflow,ESTAT:HLTH_RS_BDS(1.0),Hospital beds by type of care - historical data (1960-2020),A,Annual,NR,Number,HBEDI_PSY,Psychiatric care beds in hospitals (HP.1),LV,Latvia,1987,,5470.00,,,,,
dataflow,ESTAT:HLTH_RS_BDS(1.0),Hospital beds by type of care - historical data (1960-2020),A,Annual,NR,Number,HBEDI_PSY,Psychiatric care beds in hospitals (HP.1),LV,Latvia,1988,,5480.00,,,,,
dataflow,ESTAT:HLTH_RS_BDS(1.0),Hospital beds by type of care - historical data (1960-2020),A,Annual,NR,Number,HBEDI_PSY,Psychiatric care beds in hospitals (HP.1),LV,Latvia,1989,,7055.00,,,,,
dataflow,ESTAT:HLTH_RS_BDS(1.0),Hospital beds by type of care - historical data (1960-2020),A,Annual,NR,Number,HBEDI_PSY,Psychiatric care beds in hospitals (HP.1),LV,Latvia,1990,,6934.00,,,,,
dataflow,ESTAT:HLTH_RS_BDS(1.0),Hospital beds by type of care - historical data (1960-2020),A,Annual,NR,Number,HBEDI_PSY,Psychiatric care beds in hospitals (HP.1),LV,Latvia,1991,,6359.00,,,,,
dataflow,ESTAT:HLTH_RS_BDS(1.0),Hospital beds by type of care - historical data (1960-2020),A,Annual,NR,Number,HBEDI_PSY,Psychiatric care beds in hospitals (HP.1),LV,Latvia,1992,,5894.00,,,,,
dataflow,ESTAT:HLTH_RS_BDS(1.0),Hospital beds by type of care - historical data (1960-2020),A,Annual,NR,Number,HBEDI_PSY,Psychiatric care beds in hospitals (HP.1),LV,Latvia,1993,,5805.00,,,,,
dataflow,ESTAT:HLTH_RS_BDS(1.0),Hospital beds by type of care - historical data (1960-2020),A,Annual,NR,Number,HBEDI_PSY,Psychiatric care beds in hospitals (HP.1),LV,Latvia,1994,,5568.00,,,,,
dataflow,ESTAT:HLTH_RS_BDS(1.0),Hospital beds by type of care - historical data (1960-2020),A,Annual,NR,Number,HBEDI_PSY,Psychiatric care beds in hospitals (HP.1),LV,Latvia,1995,,5436.00,,,,,
dataflow,ESTAT:HLTH_RS_BDS(1.0),Hospital beds by type of care - historical data (1960-2020),A,Annual,NR,Number,HBEDI_PSY,Psychiatric care beds in hospitals (HP.1),LV,Latvia,1996,,4859.00,,,,,
dataflow,ESTAT:HLTH_RS_BDS(1.0),Hospital beds by type of care - historical data (1960-2020),A,Annual,NR,Number,HBEDI_PSY,Psychiatric care beds in hospitals (HP.1),LV,Latvia,1997,,4767.00,,,,,
dataflow,ESTAT:HLTH_RS_BDS(1.0),Hospital beds by type of care - historical data (1960-2020),A,Annual,NR,Number,HBEDI_PSY,Psychiatric care beds in hospitals (HP.1),LV,Latvia,1998,,4771.00,,,,,
dataflow,ESTAT:HLTH_RS_BDS(1.0),Hospital beds by type of care - historical data (1960-2020),A,Annual,NR,Number,HBEDI_PSY,Psychiatric care beds in hospitals (HP.1),LV,Latvia,1999,,4408.00,,,,,
dataflow,ESTAT:HLTH_RS_BDS(1.0),Hospital beds by type of care - historical data (1960-2020),A,Annual,NR,Number,HBEDI_PSY,Psychiatric care beds in hospitals (HP.1),LV,Latvia,2000,,4407.00,,b,break in time series,,
dataflow,ESTAT:HLTH_RS_BDS(1.0),Hospital beds by type of care - historical data (1960-2020),A,Annual,NR,Number,HBEDI_PSY,Psychiatric care beds in hospitals (HP.1),LV,Latvia,2001,,4013.00,,,,,
dataflow,ESTAT:HLTH_RS_BDS(1.0),Hospital beds by type of care - historical data (1960-2020),A,Annual,NR,Number,HBEDI_PSY,Psychiatric care beds in hospitals (HP.1),LV,Latvia,2002,,3701.00,,,,,
dataflow,ESTAT:HLTH_RS_BDS(1.0),Hospital beds by type of care - historical data (1960-2020),A,Annual,NR,Number,HBEDI_PSY,Psychiatric care beds in hospitals (HP.1),LV,Latvia,2003,,3631.00,,,,,
dataflow,ESTAT:HLTH_RS_BDS(1.0),Hospital beds by type of care - historical data (1960-2020),A,Annual,NR,Number,HBEDI_PSY,Psychiatric care beds in hospitals (HP.1),LV,Latvia,2004,,3632.00,,,,,
dataflow,ESTAT:HLTH_RS_BDS(1.0),Hospital beds by type of care - historical data (1960-2020),A,Annual,NR,Number,HBEDI_PSY,Psychiatric care beds in hospitals (HP.1),LV,Latvia,2005,,3567.00,,,,,
dataflow,ESTAT:HLTH_RS_BDS(1.0),Hospital beds by type of care - historical data (1960-2020),A,Annual,NR,Number,HBEDI_PSY,Psychiatric care beds in hospitals (HP.1),LV,Latvia,2006,,3531.00,,,,,
dataflow,ESTAT:HLTH_RS_BDS(1.0),Hospital beds by type of care - historical data (1960-2020),A,Annual,NR,Number,HBEDI_PSY,Psychiatric care beds in hospitals (HP.1),LV,Latvia,2007,,3510.00,,,,,
dataflow,ESTAT:HLTH_RS_BDS(1.0),Hospital beds by type of care - historical data (1960-2020),A,Annual,NR,Number,HBEDI_PSY,Psychiatric care beds in hospitals (HP.1),LV,Latvia,2008,,3506.00,,,,,
dataflow,ESTAT:HLTH_RS_BDS(1.0),Hospital beds by type of care - historical data (1960-2020),A,Annual,NR,Number,HBEDI_PSY,Psychiatric care beds in hospitals (HP.1),LV,Latvia,2009,,3028.00,,,,,
dataflow,ESTAT:HLTH_RS_BDS(1.0),Hospital beds by type of care - historical data (1960-2020),A,Annual,NR,Number,HBEDI_PSY,Psychiatric care beds in hospitals (HP.1),LV,Latvia,2010,,2675.00,,,,,
dataflow,ESTAT:HLTH_RS_BDS(1.0),Hospital beds by type of care - historical data (1960-2020),A,Annual,NR,Number,HBEDI_PSY,Psychiatric care beds in hospitals (HP.1),LV,Latvia,2011,,2657.00,,,,,
dataflow,ESTAT:HLTH_RS_BDS(1.0),Hospital beds by type of care - historical data (1960-2020),A,Annual,NR,Number,HBEDI_PSY,Psychiatric care beds in hospitals (HP.1),LV,Latvia,2012,,2615.00,,,,,
dataflow,ESTAT:HLTH_RS_BDS(1.0),Hospital beds by type of care - historical data (1960-2020),A,Annual,NR,Number,HBEDI_PSY,Psychiatric care beds in hospitals (HP.1),LV,Latvia,2013,,2524.00,,,,,
dataflow,ESTAT:HLTH_RS_BDS(1.0),Hospital beds by type of care - historical data (1960-2020),A,Annual,NR,Number,HBEDI_PSY,Psychiatric care beds in hospitals (HP.1),LV,Latvia,2014,,2513.00,,,,,
dataflow,ESTAT:HLTH_RS_BDS(1.0),Hospital beds by type of care - historical data (1960-2020),A,Annual,NR,Number,HBEDI_PSY,Psychiatric care beds in hospitals (HP.1),LV,Latvia,2015,,2496.00,,,,,
dataflow,ESTAT:HLTH_RS_BDS(1.0),Hospital beds by type of care - historical data (1960-2020),A,Annual,NR,Number,HBEDI_PSY,Psychiatric care beds in hospitals (HP.1),LV,Latvia,2016,,2500.00,,,,,
dataflow,ESTAT:HLTH_RS_BDS(1.0),Hospital beds by type of care - historical data (1960-2020),A,Annual,NR,Number,HBEDI_PSY,Psychiatric care beds in hospitals (HP.1),LV,Latvia,2017,,2430.00,,,,,
dataflow,ESTAT:HLTH_RS_BDS(1.0),Hospital beds by type of care - historical data (1960-2020),A,Annual,NR,Number,HBEDI_PSY,Psychiatric care beds in hospitals (HP.1),LV,Latvia,2018,,2360.00,,,,,
dataflow,ESTAT:HLTH_RS_BDS(1.0),Hospital beds by type of care - historical data (1960-2020),A,Annual,NR,Number,HBEDI_PSY,Psychiatric care beds in hospitals (HP.1),LV,Latvia,2019,,2280.00,,,,,
dataflow,ESTAT:HLTH_RS_BDS(1.0),Hospital beds by type of care - historical data (1960-2020),A,Annual,NR,Number,HBEDI_PSY,Psychiatric care beds in hospitals (HP.1),ME,Montenegro,1970,,240.00,,,,,
dataflow,ESTAT:HLTH_RS_BDS(1.0),Hospital beds by type of care - historical data (1960-2020),A,Annual,NR,Number,HBEDI_PSY,Psychiatric care beds in hospitals (HP.1),ME,Montenegro,1971,,240.00,,,,,
dataflow,ESTAT:HLTH_RS_BDS(1.0),Hospital beds by type of care - historical data (1960-2020),A,Annual,NR,Number,HBEDI_PSY,Psychiatric care beds in hospitals (HP.1),ME,Montenegro,1972,,250.00,,,,,
dataflow,ESTAT:HLTH_RS_BDS(1.0),Hospital beds by type of care - historical data (1960-2020),A,Annual,NR,Number,HBEDI_PSY,Psychiatric care beds in hospitals (HP.1),ME,Montenegro,1973,,285.00,,,,,
dataflow,ESTAT:HLTH_RS_BDS(1.0),Hospital beds by type of care - historical data (1960-2020),A,Annual,NR,Number,HBEDI_PSY,Psychiatric care beds in hospitals (HP.1),ME,Montenegro,1974,,285.00,,,,,
dataflow,ESTAT:HLTH_RS_BDS(1.0),Hospital beds by type of care - historical data (1960-2020),A,Annual,NR,Number,HBEDI_PSY,Psychiatric care beds in hospitals (HP.1),ME,Montenegro,1975,,395.00,,,,,
dataflow,ESTAT:HLTH_RS_BDS(1.0),Hospital beds by type of care - historical data (1960-2020),A,Annual,NR,Number,HBEDI_PSY,Psychiatric care beds in hospitals (HP.1),ME,Montenegro,1976,,391.00,,,,,
dataflow,ESTAT:HLTH_RS_BDS(1.0),Hospital beds by type of care - historical data (1960-2020),A,Annual,NR,Number,HBEDI_PSY,Psychiatric care beds in hospitals (HP.1),ME,Montenegro,1977,,359.00,,,,,
dataflow,ESTAT:HLTH_RS_BDS(1.0),Hospital beds by type of care - historical data (1960-2020),A,Annual,NR,Number,HBEDI_PSY,Psychiatric care beds in hospitals (HP.1),ME,Montenegro,1978,,359.00,,,,,
dataflow,ESTAT:HLTH_RS_BDS(1.0),Hospital beds by type of care - historical data (1960-2020),A,Annual,NR,Number,HBEDI_PSY,Psychiatric care beds in hospitals (HP.1),ME,Montenegro,1979,,350.00,,,,,
dataflow,ESTAT:HLTH_RS_BDS(1.0),Hospital beds by type of care - historical data (1960-2020),A,Annual,NR,Number,HBEDI_PSY,Psychiatric care beds in hospitals (HP.1),ME,Montenegro,1980,,350.00,,,,,
dataflow,ESTAT:HLTH_RS_BDS(1.0),Hospital beds by type of care - historical data (1960-2020),A,Annual,NR,Number,HBEDI_PSY,Psychiatric care beds in hospitals (HP.1),ME,Montenegro,1981,,350.00,,,,,
dataflow,ESTAT:HLTH_RS_BDS(1.0),Hospital beds by type of care - historical data (1960-2020),A,Annual,NR,Number,HBEDI_PSY,Psychiatric care beds in hospitals (HP.1),ME,Montenegro,1982,,356.00,,,,,
dataflow,ESTAT:HLTH_RS_BDS(1.0),Hospital beds by type of care - historical data (1960-2020),A,Annual,NR,Number,HBEDI_PSY,Psychiatric care beds in hospitals (HP.1),ME,Montenegro,1983,,363.00,,,,,
dataflow,ESTAT:HLTH_RS_BDS(1.0),Hospital beds by type of care - historical data (1960-2020),A,Annual,NR,Number,HBEDI_PSY,Psychiatric care beds in hospitals (HP.1),ME,Montenegro,1984,,363.00,,,,,
dataflow,ESTAT:HLTH_RS_BDS(1.0),Hospital beds by type of care - historical data (1960-2020),A,Annual,NR,Number,HBEDI_PSY,Psychiatric care beds in hospitals (HP.1),ME,Montenegro,1985,,363.00,,,,,
dataflow,ESTAT:HLTH_RS_BDS(1.0),Hospital beds by type of care - historical data (1960-2020),A,Annual,NR,Number,HBEDI_PSY,Psychiatric care beds in hospitals (HP.1),ME,Montenegro,1986,,361.00,,,,,
dataflow,ESTAT:HLTH_RS_BDS(1.0),Hospital beds by type of care - historical data (1960-2020),A,Annual,NR,Number,HBEDI_PSY,Psychiatric care beds in hospitals (HP.1),ME,Montenegro,1987,,360.00,,,,,
dataflow,ESTAT:HLTH_RS_BDS(1.0),Hospital beds by type of care - historical data (1960-2020),A,Annual,NR,Number,HBEDI_PSY,Psychiatric care beds in hospitals (HP.1),ME,Montenegro,1988,,360.00,,,,,
dataflow,ESTAT:HLTH_RS_BDS(1.0),Hospital beds by type of care - historical data (1960-2020),A,Annual,NR,Number,HBEDI_PSY,Psychiatric care beds in hospitals (HP.1),ME,Montenegro,1989,,360.00,,,,,
dataflow,ESTAT:HLTH_RS_BDS(1.0),Hospital beds by type of care - historical data (1960-2020),A,Annual,NR,Number,HBEDI_PSY,Psychiatric care beds in hospitals (HP.1),ME,Montenegro,1990,,497.00,,,,,
dataflow,ESTAT:HLTH_RS_BDS(1.0),Hospital beds by type of care - historical data (1960-2020),A,Annual,NR,Number,HBEDI_PSY,Psychiatric care beds in hospitals (HP.1),ME,Montenegro,1991,,480.00,,,,,
dataflow,ESTAT:HLTH_RS_BDS(1.0),Hospital beds by type of care - historical data (1960-2020),A,Annual,NR,Number,HBEDI_PSY,Psychiatric care beds in hospitals (HP.1),ME,Montenegro,1992,,413.00,,,,,
dataflow,ESTAT:HLTH_RS_BDS(1.0),Hospital beds by type of care - historical data (1960-2020),A,Annual,NR,Number,HBEDI_PSY,Psychiatric care beds in hospitals (HP.1),ME,Montenegro,1993,,413.00,,,,,
dataflow,ESTAT:HLTH_RS_BDS(1.0),Hospital beds by type of care - historical data (1960-2020),A,Annual,NR,Number,HBEDI_PSY,Psychiatric care beds in hospitals (HP.1),ME,Montenegro,1994,,396.00,,,,,
dataflow,ESTAT:HLTH_RS_BDS(1.0),Hospital beds by type of care - historical data (1960-2020),A,Annual,NR,Number,HBEDI_PSY,Psychiatric care beds in hospitals (HP.1),ME,Montenegro,1995,,393.00,,,,,
dataflow,ESTAT:HLTH_RS_BDS(1.0),Hospital beds by type of care - historical data (1960-2020),A,Annual,NR,Number,HBEDI_PSY,Psychiatric care beds in hospitals (HP.1),ME,Montenegro,1996,,373.00,,,,,
dataflow,ESTAT:HLTH_RS_BDS(1.0),Hospital beds by type of care - historical data (1960-2020),A,Annual,NR,Number,HBEDI_PSY,Psychiatric care beds in hospitals (HP.1),ME,Montenegro,1997,,373.00,,,,,
dataflow,ESTAT:HLTH_RS_BDS(1.0),Hospital beds by type of care - historical data (1960-2020),A,Annual,NR,Number,HBEDI_PSY,Psychiatric care beds in hospitals (HP.1),ME,Montenegro,1998,,373.00,,,,,
dataflow,ESTAT:HLTH_RS_BDS(1.0),Hospital beds by type of care - historical data (1960-2020),A,Annual,NR,Number,HBEDI_PSY,Psychiatric care beds in hospitals (HP.1),ME,Montenegro,1999,,373.00,,,,,
dataflow,ESTAT:HLTH_RS_BDS(1.0),Hospital beds by type of care - historical data (1960-2020),A,Annual,NR,Number,HBEDI_PSY,Psychiatric care beds in hospitals (HP.1),ME,Montenegro,2000,,373.00,,,,,
dataflow,ESTAT:HLTH_RS_BDS(1.0),Hospital beds by type of care - historical data (1960-2020),A,Annual,NR,Number,HBEDI_PSY,Psychiatric care beds in hospitals (HP.1),ME,Montenegro,2001,,373.00,,,,,
dataflow,ESTAT:HLTH_RS_BDS(1.0),Hospital beds by type of care - historical data (1960-2020),A,Annual,NR,Number,HBEDI_PSY,Psychiatric care beds in hospitals (HP.1),ME,Montenegro,2002,,373.00,,,,,
dataflow,ESTAT:HLTH_RS_BDS(1.0),Hospital beds by type of care - historical data (1960-2020),A,Annual,NR,Number,HBEDI_PSY,Psychiatric care beds in hospitals (HP.1),ME,Montenegro,2003,,373.00,,,,,
dataflow,ESTAT:HLTH_RS_BDS(1.0),Hospital beds by type of care - historical data (1960-2020),A,Annual,NR,Number,HBEDI_PSY,Psychiatric care beds in hospitals (HP.1),ME,Montenegro,2004,,373.00,,,,,
dataflow,ESTAT:HLTH_RS_BDS(1.0),Hospital beds by type of care - historical data (1960-2020),A,Annual,NR,Number,HBEDI_PSY,Psychiatric care beds in hospitals (HP.1),ME,Montenegro,2005,,374.00,,,,,
dataflow,ESTAT:HLTH_RS_BDS(1.0),Hospital beds by type of care - historical data (1960-2020),A,Annual,NR,Number,HBEDI_PSY,Psychiatric care beds in hospitals (HP.1),ME,Montenegro,2006,,327.00,,,,,
dataflow,ESTAT:HLTH_RS_BDS(1.0),Hospital beds by type of care - historical data (1960-2020),A,Annual,NR,Number,HBEDI_PSY,Psychiatric care beds in hospitals (HP.1),ME,Montenegro,2007,,311.00,,,,,
dataflow,ESTAT:HLTH_RS_BDS(1.0),Hospital beds by type of care - historical data (1960-2020),A,Annual,NR,Number,HBEDI_PSY,Psychiatric care beds in hospitals (HP.1),ME,Montenegro,2008,,311.00,,,,,
dataflow,ESTAT:HLTH_RS_BDS(1.0),Hospital beds by type of care - historical data (1960-2020),A,Annual,NR,Number,HBEDI_PSY,Psychiatric care beds in hospitals (HP.1),ME,Montenegro,2009,,311.00,,,,,
dataflow,ESTAT:HLTH_RS_BDS(1.0),Hospital beds by type of care - historical data (1960-2020),A,Annual,NR,Number,HBEDI_PSY,Psychiatric care beds in hospitals (HP.1),ME,Montenegro,2010,,311.00,,,,,
dataflow,ESTAT:HLTH_RS_BDS(1.0),Hospital beds by type of care - historical data (1960-2020),A,Annual,NR,Number,HBEDI_PSY,Psychiatric care beds in hospitals (HP.1),ME,Montenegro,2011,,311.00,,,,,
dataflow,ESTAT:HLTH_RS_BDS(1.0),Hospital beds by type of care - historical data (1960-2020),A,Annual,NR,Number,HBEDI_PSY,Psychiatric care beds in hospitals (HP.1),ME,Montenegro,2012,,311.00,,,,,
dataflow,ESTAT:HLTH_RS_BDS(1.0),Hospital beds by type of care - historical data (1960-2020),A,Annual,NR,Number,HBEDI_PSY,Psychiatric care beds in hospitals (HP.1),ME,Montenegro,2013,,311.00,,,,,
dataflow,ESTAT:HLTH_RS_BDS(1.0),Hospital beds by type of care - historical data (1960-2020),A,Annual,NR,Number,HBEDI_PSY,Psychiatric care beds in hospitals (HP.1),ME,Montenegro,2014,,307.00,,,,,
dataflow,ESTAT:HLTH_RS_BDS(1.0),Hospital beds by type of care - historical data (1960-2020),A,Annual,NR,Number,HBEDI_PSY,Psychiatric care beds in hospitals (HP.1),ME,Montenegro,2015,,307.00,,,,,
dataflow,ESTAT:HLTH_RS_BDS(1.0),Hospital beds by type of care - historical data (1960-2020),A,Annual,NR,Number,HBEDI_PSY,Psychiatric care beds in hospitals (HP.1),ME,Montenegro,2016,,307.00,,,,,
dataflow,ESTAT:HLTH_RS_BDS(1.0),Hospital beds by type of care - historical data (1960-2020),A,Annual,NR,Number,HBEDI_PSY,Psychiatric care beds in hospitals (HP.1),ME,Montenegro,2017,,307.00,,,,,
dataflow,ESTAT:HLTH_RS_BDS(1.0),Hospital beds by type of care - historical data (1960-2020),A,Annual,NR,Number,HBEDI_PSY,Psychiatric care beds in hospitals (HP.1),ME,Montenegro,2018,,314.00,,,,,
dataflow,ESTAT:HLTH_RS_BDS(1.0),Hospital beds by type of care - historical data (1960-2020),A,Annual,NR,Number,HBEDI_PSY,Psychiatric care beds in hospitals (HP.1),ME,Montenegro,2019,,314.00,,,,,
dataflow,ESTAT:HLTH_RS_BDS(1.0),Hospital beds by type of care - historical data (1960-2020),A,Annual,NR,Number,HBEDI_PSY,Psychiatric care beds in hospitals (HP.1),MK,North Macedonia,1980,,1520.00,,,,,
dataflow,ESTAT:HLTH_RS_BDS(1.0),Hospital beds by type of care - historical data (1960-2020),A,Annual,NR,Number,HBEDI_PSY,Psychiatric care beds in hospitals (HP.1),MK,North Macedonia,1985,,1575.00,,,,,
dataflow,ESTAT:HLTH_RS_BDS(1.0),Hospital beds by type of care - historical data (1960-2020),A,Annual,NR,Number,HBEDI_PSY,Psychiatric care beds in hospitals (HP.1),MK,North Macedonia,1986,,1595.00,,,,,
dataflow,ESTAT:HLTH_RS_BDS(1.0),Hospital beds by type of care - historical data (1960-2020),A,Annual,NR,Number,HBEDI_PSY,Psychiatric care beds in hospitals (HP.1),MK,North Macedonia,1987,,1630.00,,,,,
dataflow,ESTAT:HLTH_RS_BDS(1.0),Hospital beds by type of care - historical data (1960-2020),A,Annual,NR,Number,HBEDI_PSY,Psychiatric care beds in hospitals (HP.1),MK,North Macedonia,1988,,1635.00,,,,,
dataflow,ESTAT:HLTH_RS_BDS(1.0),Hospital beds by type of care - historical data (1960-2020),A,Annual,NR,Number,HBEDI_PSY,Psychiatric care beds in hospitals (HP.1),MK,North Macedonia,1989,,1635.00,,,,,
dataflow,ESTAT:HLTH_RS_BDS(1.0),Hospital beds by type of care - historical data (1960-2020),A,Annual,NR,Number,HBEDI_PSY,Psychiatric care beds in hospitals (HP.1),MK,North Macedonia,1990,,1624.00,,,,,
dataflow,ESTAT:HLTH_RS_BDS(1.0),Hospital beds by type of care - historical data (1960-2020),A,Annual,NR,Number,HBEDI_PSY,Psychiatric care beds in hospitals (HP.1),MK,North Macedonia,1991,,1624.00,,,,,
dataflow,ESTAT:HLTH_RS_BDS(1.0),Hospital beds by type of care - historical data (1960-2020),A,Annual,NR,Number,HBEDI_PSY,Psychiatric care beds in hospitals (HP.1),MK,North Macedonia,1992,,1558.00,,,,,
dataflow,ESTAT:HLTH_RS_BDS(1.0),Hospital beds by type of care - historical data (1960-2020),A,Annual,NR,Number,HBEDI_PSY,Psychiatric care beds in hospitals (HP.1),MK,North Macedonia,1993,,1534.00,,,,,
dataflow,ESTAT:HLTH_RS_BDS(1.0),Hospital beds by type of care - historical data (1960-2020),A,Annual,NR,Number,HBEDI_PSY,Psychiatric care beds in hospitals (HP.1),MK,North Macedonia,1994,,1511.00,,,,,
dataflow,ESTAT:HLTH_RS_BDS(1.0),Hospital beds by type of care - historical data (1960-2020),A,Annual,NR,Number,HBEDI_PSY,Psychiatric care beds in hospitals (HP.1),MK,North Macedonia,1995,,1525.00,,,,,
dataflow,ESTAT:HLTH_RS_BDS(1.0),Hospital beds by type of care - historical data (1960-2020),A,Annual,NR,Number,HBEDI_PSY,Psychiatric care beds in hospitals (HP.1),MK,North Macedonia,1996,,1490.00,,,,,
dataflow,ESTAT:HLTH_RS_BDS(1.0),Hospital beds by type of care - historical data (1960-2020),A,Annual,NR,Number,HBEDI_PSY,Psychiatric care beds in hospitals (HP.1),MK,North Macedonia,1997,,1410.00,,,,,
dataflow,ESTAT:HLTH_RS_BDS(1.0),Hospital beds by type of care - historical data (1960-2020),A,Annual,NR,Number,HBEDI_PSY,Psychiatric care beds in hospitals (HP.1),MK,North Macedonia,1998,,1469.00,,,,,
dataflow,ESTAT:HLTH_RS_BDS(1.0),Hospital beds by type of care - historical data (1960-2020),A,Annual,NR,Number,HBEDI_PSY,Psychiatric care beds in hospitals (HP.1),MK,North Macedonia,1999,,1469.00,,,,,
dataflow,ESTAT:HLTH_RS_BDS(1.0),Hospital beds by type of care - historical data (1960-2020),A,Annual,NR,Number,HBEDI_PSY,Psychiatric care beds in hospitals (HP.1),MK,North Macedonia,2000,,1434.00,,,,,
dataflow,ESTAT:HLTH_RS_BDS(1.0),Hospital beds by type of care - historical data (1960-2020),A,Annual,NR,Number,HBEDI_PSY,Psychiatric care beds in hospitals (HP.1),MK,North Macedonia,2001,,1386.00,,,,,
dataflow,ESTAT:HLTH_RS_BDS(1.0),Hospital beds by type of care - historical data (1960-2020),A,Annual,NR,Number,HBEDI_PSY,Psychiatric care beds in hospitals (HP.1),MK,North Macedonia,2002,,1366.00,,,,,
dataflow,ESTAT:HLTH_RS_BDS(1.0),Hospital beds by type of care - historical data (1960-2020),A,Annual,NR,Number,HBEDI_PSY,Psychiatric care beds in hospitals (HP.1),MK,North Macedonia,2003,,1358.00,,,,,
dataflow,ESTAT:HLTH_RS_BDS(1.0),Hospital beds by type of care - historical data (1960-2020),A,Annual,NR,Number,HBEDI_PSY,Psychiatric care beds in hospitals (HP.1),MK,North Macedonia,2004,,1298.00,,,,,
dataflow,ESTAT:HLTH_RS_BDS(1.0),Hospital beds by type of care - historical data (1960-2020),A,Annual,NR,Number,HBEDI_PSY,Psychiatric care beds in hospitals (HP.1),MK,North Macedonia,2005,,1235.00,,,,,
dataflow,ESTAT:HLTH_RS_BDS(1.0),Hospital beds by type of care - historical data (1960-2020),A,Annual,NR,Number,HBEDI_PSY,Psychiatric care beds in hospitals (HP.1),MK,North Macedonia,2006,,1193.00,,,,,
dataflow,ESTAT:HLTH_RS_BDS(1.0),Hospital beds by type of care - historical data (1960-2020),A,Annual,NR,Number,HBEDI_PSY,Psychiatric care beds in hospitals (HP.1),MK,North Macedonia,2007,,1168.00,,,,,
dataflow,ESTAT:HLTH_RS_BDS(1.0),Hospital beds by type of care - historical data (1960-2020),A,Annual,NR,Number,HBEDI_PSY,Psychiatric care beds in hospitals (HP.1),MK,North Macedonia,2008,,1168.00,,,,,
dataflow,ESTAT:HLTH_RS_BDS(1.0),Hospital beds by type of care - historical data (1960-2020),A,Annual,NR,Number,HBEDI_PSY,Psychiatric care beds in hospitals (HP.1),MK,North Macedonia,2009,,1163.00,,,,,
dataflow,ESTAT:HLTH_RS_BDS(1.0),Hospital beds by type of care - historical data (1960-2020),A,Annual,NR,Number,HBEDI_PSY,Psychiatric care beds in hospitals (HP.1),MK,North Macedonia,2010,,1137.00,,,,,
dataflow,ESTAT:HLTH_RS_BDS(1.0),Hospital beds by type of care - historical data (1960-2020),A,Annual,NR,Number,HBEDI_PSY,Psychiatric care beds in hospitals (HP.1),MK,North Macedonia,2011,,1148.00,,,,,
dataflow,ESTAT:HLTH_RS_BDS(1.0),Hospital beds by type of care - historical data (1960-2020),A,Annual,NR,Number,HBEDI_PSY,Psychiatric care beds in hospitals (HP.1),MK,North Macedonia,2012,,1161.00,,,,,
dataflow,ESTAT:HLTH_RS_BDS(1.0),Hospital beds by type of care - historical data (1960-2020),A,Annual,NR,Number,HBEDI_PSY,Psychiatric care beds in hospitals (HP.1),MK,North Macedonia,2013,,1128.00,,,,,
dataflow,ESTAT:HLTH_RS_BDS(1.0),Hospital beds by type of care - historical data (1960-2020),A,Annual,NR,Number,HBEDI_PSY,Psychiatric care beds in hospitals (HP.1),MK,North Macedonia,2014,,1013.00,,,,,
dataflow,ESTAT:HLTH_RS_BDS(1.0),Hospital beds by type of care - historical data (1960-2020),A,Annual,NR,Number,HBEDI_PSY,Psychiatric care beds in hospitals (HP.1),MK,North Macedonia,2015,,1043.00,,,,,
dataflow,ESTAT:HLTH_RS_BDS(1.0),Hospital beds by type of care - historical data (1960-2020),A,Annual,NR,Number,HBEDI_PSY,Psychiatric care beds in hospitals (HP.1),MK,North Macedonia,2016,,1043.00,,,,,
dataflow,ESTAT:HLTH_RS_BDS(1.0),Hospital beds by type of care - historical data (1960-2020),A,Annual,NR,Number,HBEDI_PSY,Psychiatric care beds in hospitals (HP.1),MK,North Macedonia,2017,,1043.00,,,,,
dataflow,ESTAT:HLTH_RS_BDS(1.0),Hospital beds by type of care - historical data (1960-2020),A,Annual,NR,Number,HBEDI_PSY,Psychiatric care beds in hospitals (HP.1),MK,North Macedonia,2018,,1043.00,,,,,
dataflow,ESTAT:HLTH_RS_BDS(1.0),Hospital beds by type of care - historical data (1960-2020),A,Annual,NR,Number,HBEDI_PSY,Psychiatric care beds in hospitals (HP.1),MK,North Macedonia,2019,,1003.00,,,,,
dataflow,ESTAT:HLTH_RS_BDS(1.0),Hospital beds by type of care - historical data (1960-2020),A,Annual,NR,Number,HBEDI_PSY,Psychiatric care beds in hospitals (HP.1),MT,Malta,2000,,666.00,,,,,
dataflow,ESTAT:HLTH_RS_BDS(1.0),Hospital beds by type of care - historical data (1960-2020),A,Annual,NR,Number,HBEDI_PSY,Psychiatric care beds in hospitals (HP.1),MT,Malta,2001,,563.00,,,,,
dataflow,ESTAT:HLTH_RS_BDS(1.0),Hospital beds by type of care - historical data (1960-2020),A,Annual,NR,Number,HBEDI_PSY,Psychiatric care beds in hospitals (HP.1),MT,Malta,2002,,551.00,,,,,
dataflow,ESTAT:HLTH_RS_BDS(1.0),Hospital beds by type of care - historical data (1960-2020),A,Annual,NR,Number,HBEDI_PSY,Psychiatric care beds in hospitals (HP.1),MT,Malta,2003,,568.00,,,,,
dataflow,ESTAT:HLTH_RS_BDS(1.0),Hospital beds by type of care - historical data (1960-2020),A,Annual,NR,Number,HBEDI_PSY,Psychiatric care beds in hospitals (HP.1),MT,Malta,2004,,646.00,,,,,
dataflow,ESTAT:HLTH_RS_BDS(1.0),Hospital beds by type of care - historical data (1960-2020),A,Annual,NR,Number,HBEDI_PSY,Psychiatric care beds in hospitals (HP.1),MT,Malta,2005,,686.00,,,,,
dataflow,ESTAT:HLTH_RS_BDS(1.0),Hospital beds by type of care - historical data (1960-2020),A,Annual,NR,Number,HBEDI_PSY,Psychiatric care beds in hospitals (HP.1),MT,Malta,2006,,686.00,,,,,
dataflow,ESTAT:HLTH_RS_BDS(1.0),Hospital beds by type of care - historical data (1960-2020),A,Annual,NR,Number,HBEDI_PSY,Psychiatric care beds in hospitals (HP.1),MT,Malta,2007,,693.00,,,,,
dataflow,ESTAT:HLTH_RS_BDS(1.0),Hospital beds by type of care - historical data (1960-2020),A,Annual,NR,Number,HBEDI_PSY,Psychiatric care beds in hospitals (HP.1),MT,Malta,2008,,694.00,,,,,
dataflow,ESTAT:HLTH_RS_BDS(1.0),Hospital beds by type of care - historical data (1960-2020),A,Annual,NR,Number,HBEDI_PSY,Psychiatric care beds in hospitals (HP.1),MT,Malta,2009,,644.00,,,,,
dataflow,ESTAT:HLTH_RS_BDS(1.0),Hospital beds by type of care - historical data (1960-2020),A,Annual,NR,Number,HBEDI_PSY,Psychiatric care beds in hospitals (HP.1),MT,Malta,2010,,602.00,,,,,
dataflow,ESTAT:HLTH_RS_BDS(1.0),Hospital beds by type of care - historical data (1960-2020),A,Annual,NR,Number,HBEDI_PSY,Psychiatric care beds in hospitals (HP.1),MT,Malta,2011,,596.00,,,,,
dataflow,ESTAT:HLTH_RS_BDS(1.0),Hospital beds by type of care - historical data (1960-2020),A,Annual,NR,Number,HBEDI_PSY,Psychiatric care beds in hospitals (HP.1),MT,Malta,2012,,592.00,,,,,
dataflow,ESTAT:HLTH_RS_BDS(1.0),Hospital beds by type of care - historical data (1960-2020),A,Annual,NR,Number,HBEDI_PSY,Psychiatric care beds in hospitals (HP.1),MT,Malta,2013,,614.00,,,,,
dataflow,ESTAT:HLTH_RS_BDS(1.0),Hospital beds by type of care - historical data (1960-2020),A,Annual,NR,Number,HBEDI_PSY,Psychiatric care beds in hospitals (HP.1),MT,Malta,2014,,570.00,,,,,
dataflow,ESTAT:HLTH_RS_BDS(1.0),Hospital beds by type of care - historical data (1960-2020),A,Annual,NR,Number,HBEDI_PSY,Psychiatric care beds in hospitals (HP.1),MT,Malta,2015,,569.00,,,,,
dataflow,ESTAT:HLTH_RS_BDS(1.0),Hospital beds by type of care - historical data (1960-2020),A,Annual,NR,Number,HBEDI_PSY,Psychiatric care beds in hospitals (HP.1),MT,Malta,2016,,569.00,,,,,
dataflow,ESTAT:HLTH_RS_BDS(1.0),Hospital beds by type of care - historical data (1960-2020),A,Annual,NR,Number,HBEDI_PSY,Psychiatric care beds in hospitals (HP.1),MT,Malta,2017,,538.00,,,,,
dataflow,ESTAT:HLTH_RS_BDS(1.0),Hospital beds by type of care - historical data (1960-2020),A,Annual,NR,Number,HBEDI_PSY,Psychiatric care beds in hospitals (HP.1),MT,Malta,2018,,509.00,,,,,
dataflow,ESTAT:HLTH_RS_BDS(1.0),Hospital beds by type of care - historical data (1960-2020),A,Annual,NR,Number,HBEDI_PSY,Psychiatric care beds in hospitals (HP.1),MT,Malta,2019,,452.00,,,,,
dataflow,ESTAT:HLTH_RS_BDS(1.0),Hospital beds by type of care - historical data (1960-2020),A,Annual,NR,Number,HBEDI_PSY,Psychiatric care beds in hospitals (HP.1),NL,Netherlands,1965,,26900.00,,d,definition differs (see metadata),,
dataflow,ESTAT:HLTH_RS_BDS(1.0),Hospital beds by type of care - historical data (1960-2020),A,Annual,NR,Number,HBEDI_PSY,Psychiatric care beds in hospitals (HP.1),NL,Netherlands,1966,,26800.00,,d,definition differs (see metadata),,
dataflow,ESTAT:HLTH_RS_BDS(1.0),Hospital beds by type of care - historical data (1960-2020),A,Annual,NR,Number,HBEDI_PSY,Psychiatric care beds in hospitals (HP.1),NL,Netherlands,1967,,26500.00,,d,definition differs (see metadata),,
dataflow,ESTAT:HLTH_RS_BDS(1.0),Hospital beds by type of care - historical data (1960-2020),A,Annual,NR,Number,HBEDI_PSY,Psychiatric care beds in hospitals (HP.1),NL,Netherlands,1968,,26400.00,,d,definition differs (see metadata),,
dataflow,ESTAT:HLTH_RS_BDS(1.0),Hospital beds by type of care - historical data (1960-2020),A,Annual,NR,Number,HBEDI_PSY,Psychiatric care beds in hospitals (HP.1),NL,Netherlands,1969,,26600.00,,d,definition differs (see metadata),,
dataflow,ESTAT:HLTH_RS_BDS(1.0),Hospital beds by type of care - historical data (1960-2020),A,Annual,NR,Number,HBEDI_PSY,Psychiatric care beds in hospitals (HP.1),NL,Netherlands,1970,,26782.00,,d,definition differs (see metadata),,
dataflow,ESTAT:HLTH_RS_BDS(1.0),Hospital beds by type of care - historical data (1960-2020),A,Annual,NR,Number,HBEDI_PSY,Psychiatric care beds in hospitals (HP.1),NL,Netherlands,1971,,27446.00,,d,definition differs (see metadata),,
dataflow,ESTAT:HLTH_RS_BDS(1.0),Hospital beds by type of care - historical data (1960-2020),A,Annual,NR,Number,HBEDI_PSY,Psychiatric care beds in hospitals (HP.1),NL,Netherlands,1972,,27780.00,,d,definition differs (see metadata),,
dataflow,ESTAT:HLTH_RS_BDS(1.0),Hospital beds by type of care - historical data (1960-2020),A,Annual,NR,Number,HBEDI_PSY,Psychiatric care beds in hospitals (HP.1),NL,Netherlands,1973,,27365.00,,d,definition differs (see metadata),,
dataflow,ESTAT:HLTH_RS_BDS(1.0),Hospital beds by type of care - historical data (1960-2020),A,Annual,NR,Number,HBEDI_PSY,Psychiatric care beds in hospitals (HP.1),NL,Netherlands,1974,,26785.00,,d,definition differs (see metadata),,
dataflow,ESTAT:HLTH_RS_BDS(1.0),Hospital beds by type of care - historical data (1960-2020),A,Annual,NR,Number,HBEDI_PSY,Psychiatric care beds in hospitals (HP.1),NL,Netherlands,1975,,26268.00,,d,definition differs (see metadata),,
dataflow,ESTAT:HLTH_RS_BDS(1.0),Hospital beds by type of care - historical data (1960-2020),A,Annual,NR,Number,HBEDI_PSY,Psychiatric care beds in hospitals (HP.1),NL,Netherlands,1976,,25712.00,,d,definition differs (see metadata),,
dataflow,ESTAT:HLTH_RS_BDS(1.0),Hospital beds by type of care - historical data (1960-2020),A,Annual,NR,Number,HBEDI_PSY,Psychiatric care beds in hospitals (HP.1),NL,Netherlands,1977,,25305.00,,d,definition differs (see metadata),,
dataflow,ESTAT:HLTH_RS_BDS(1.0),Hospital beds by type of care - historical data (1960-2020),A,Annual,NR,Number,HBEDI_PSY,Psychiatric care beds in hospitals (HP.1),NL,Netherlands,1978,,24977.00,,d,definition differs (see metadata),,
dataflow,ESTAT:HLTH_RS_BDS(1.0),Hospital beds by type of care - historical data (1960-2020),A,Annual,NR,Number,HBEDI_PSY,Psychiatric care beds in hospitals (HP.1),NL,Netherlands,1979,,24742.00,,d,definition differs (see metadata),,
dataflow,ESTAT:HLTH_RS_BDS(1.0),Hospital beds by type of care - historical data (1960-2020),A,Annual,NR,Number,HBEDI_PSY,Psychiatric care beds in hospitals (HP.1),NL,Netherlands,1980,,24685.00,,d,definition differs (see metadata),,
dataflow,ESTAT:HLTH_RS_BDS(1.0),Hospital beds by type of care - historical data (1960-2020),A,Annual,NR,Number,HBEDI_PSY,Psychiatric care beds in hospitals (HP.1),NL,Netherlands,1981,,24951.00,,d,definition differs (see metadata),,
dataflow,ESTAT:HLTH_RS_BDS(1.0),Hospital beds by type of care - historical data (1960-2020),A,Annual,NR,Number,HBEDI_PSY,Psychiatric care beds in hospitals (HP.1),NL,Netherlands,1982,,24962.00,,d,definition differs (see metadata),,
dataflow,ESTAT:HLTH_RS_BDS(1.0),Hospital beds by type of care - historical data (1960-2020),A,Annual,NR,Number,HBEDI_PSY,Psychiatric care beds in hospitals (HP.1),NL,Netherlands,1983,,24761.00,,d,definition differs (see metadata),,
dataflow,ESTAT:HLTH_RS_BDS(1.0),Hospital beds by type of care - historical data (1960-2020),A,Annual,NR,Number,HBEDI_PSY,Psychiatric care beds in hospitals (HP.1),NL,Netherlands,1984,,24287.00,,d,definition differs (see metadata),,
dataflow,ESTAT:HLTH_RS_BDS(1.0),Hospital beds by type of care - historical data (1960-2020),A,Annual,NR,Number,HBEDI_PSY,Psychiatric care beds in hospitals (HP.1),NL,Netherlands,1985,,24254.00,,bd,"break in time series, definition differs (see metadata)",,
dataflow,ESTAT:HLTH_RS_BDS(1.0),Hospital beds by type of care - historical data (1960-2020),A,Annual,NR,Number,HBEDI_PSY,Psychiatric care beds in hospitals (HP.1),NL,Netherlands,1986,,24411.00,,d,definition differs (see metadata),,
dataflow,ESTAT:HLTH_RS_BDS(1.0),Hospital beds by type of care - historical data (1960-2020),A,Annual,NR,Number,HBEDI_PSY,Psychiatric care beds in hospitals (HP.1),NL,Netherlands,1987,,24667.00,,d,definition differs (see metadata),,
dataflow,ESTAT:HLTH_RS_BDS(1.0),Hospital beds by type of care - historical data (1960-2020),A,Annual,NR,Number,HBEDI_PSY,Psychiatric care beds in hospitals (HP.1),NL,Netherlands,1988,,24466.00,,d,definition differs (see metadata),,
dataflow,ESTAT:HLTH_RS_BDS(1.0),Hospital beds by type of care - historical data (1960-2020),A,Annual,NR,Number,HBEDI_PSY,Psychiatric care beds in hospitals (HP.1),NL,Netherlands,1989,,24242.00,,d,definition differs (see metadata),,
dataflow,ESTAT:HLTH_RS_BDS(1.0),Hospital beds by type of care - historical data (1960-2020),A,Annual,NR,Number,HBEDI_PSY,Psychiatric care beds in hospitals (HP.1),NL,Netherlands,1990,,26553.00,,bd,"break in time series, definition differs (see metadata)",,
dataflow,ESTAT:HLTH_RS_BDS(1.0),Hospital beds by type of care - historical data (1960-2020),A,Annual,NR,Number,HBEDI_PSY,Psychiatric care beds in hospitals (HP.1),NL,Netherlands,1991,,26607.00,,d,definition differs (see metadata),,
dataflow,ESTAT:HLTH_RS_BDS(1.0),Hospital beds by type of care - historical data (1960-2020),A,Annual,NR,Number,HBEDI_PSY,Psychiatric care beds in hospitals (HP.1),NL,Netherlands,1992,,26542.00,,d,definition differs (see metadata),,
dataflow,ESTAT:HLTH_RS_BDS(1.0),Hospital beds by type of care - historical data (1960-2020),A,Annual,NR,Number,HBEDI_PSY,Psychiatric care beds in hospitals (HP.1),NL,Netherlands,1993,,26707.00,,d,definition differs (see metadata),,
dataflow,ESTAT:HLTH_RS_BDS(1.0),Hospital beds by type of care - historical data (1960-2020),A,Annual,NR,Number,HBEDI_PSY,Psychiatric care beds in hospitals (HP.1),NL,Netherlands,1994,,26678.00,,d,definition differs (see metadata),,
dataflow,ESTAT:HLTH_RS_BDS(1.0),Hospital beds by type of care - historical data (1960-2020),A,Annual,NR,Number,HBEDI_PSY,Psychiatric care beds in hospitals (HP.1),NL,Netherlands,1995,,26417.00,,bd,"break in time series, definition differs (see metadata)",,
dataflow,ESTAT:HLTH_RS_BDS(1.0),Hospital beds by type of care - historical data (1960-2020),A,Annual,NR,Number,HBEDI_PSY,Psychiatric care beds in hospitals (HP.1),NL,Netherlands,1996,,26675.00,,d,definition differs (see metadata),,
dataflow,ESTAT:HLTH_RS_BDS(1.0),Hospital beds by type of care - historical data (1960-2020),A,Annual,NR,Number,HBEDI_PSY,Psychiatric care beds in hospitals (HP.1),NL,Netherlands,1997,,26657.00,,d,definition differs (see metadata),,
dataflow,ESTAT:HLTH_RS_BDS(1.0),Hospital beds by type of care - historical data (1960-2020),A,Annual,NR,Number,HBEDI_PSY,Psychiatric care beds in hospitals (HP.1),NL,Netherlands,1998,,26103.00,,d,definition differs (see metadata),,
dataflow,ESTAT:HLTH_RS_BDS(1.0),Hospital beds by type of care - historical data (1960-2020),A,Annual,NR,Number,HBEDI_PSY,Psychiatric care beds in hospitals (HP.1),NL,Netherlands,1999,,26152.00,,d,definition differs (see metadata),,
dataflow,ESTAT:HLTH_RS_BDS(1.0),Hospital beds by type of care - historical data (1960-2020),A,Annual,NR,Number,HBEDI_PSY,Psychiatric care beds in hospitals (HP.1),NL,Netherlands,2000,,24793.00,,d,definition differs (see metadata),,
dataflow,ESTAT:HLTH_RS_BDS(1.0),Hospital beds by type of care - historical data (1960-2020),A,Annual,NR,Number,HBEDI_PSY,Psychiatric care beds in hospitals (HP.1),NL,Netherlands,2001,,24701.00,,d,definition differs (see metadata),,
dataflow,ESTAT:HLTH_RS_BDS(1.0),Hospital beds by type of care - historical data (1960-2020),A,Annual,NR,Number,HBEDI_PSY,Psychiatric care beds in hospitals (HP.1),NL,Netherlands,2002,,24655.00,,d,definition differs (see metadata),,
dataflow,ESTAT:HLTH_RS_BDS(1.0),Hospital beds by type of care - historical data (1960-2020),A,Annual,NR,Number,HBEDI_PSY,Psychiatric care beds in hospitals (HP.1),NL,Netherlands,2003,,22400.00,,bd,"break in time series, definition differs (see metadata)",,
dataflow,ESTAT:HLTH_RS_BDS(1.0),Hospital beds by type of care - historical data (1960-2020),A,Annual,NR,Number,HBEDI_PSY,Psychiatric care beds in hospitals (HP.1),NL,Netherlands,2004,,22600.00,,d,definition differs (see metadata),,
dataflow,ESTAT:HLTH_RS_BDS(1.0),Hospital beds by type of care - historical data (1960-2020),A,Annual,NR,Number,HBEDI_PSY,Psychiatric care beds in hospitals (HP.1),NL,Netherlands,2005,,22600.00,,d,definition differs (see metadata),,
dataflow,ESTAT:HLTH_RS_BDS(1.0),Hospital beds by type of care - historical data (1960-2020),A,Annual,NR,Number,HBEDI_PSY,Psychiatric care beds in hospitals (HP.1),NL,Netherlands,2006,,22600.00,,de,"definition differs (see metadata), estimated",,
dataflow,ESTAT:HLTH_RS_BDS(1.0),Hospital beds by type of care - historical data (1960-2020),A,Annual,NR,Number,HBEDI_PSY,Psychiatric care beds in hospitals (HP.1),NL,Netherlands,2007,,22600.00,,d,definition differs (see metadata),,
dataflow,ESTAT:HLTH_RS_BDS(1.0),Hospital beds by type of care - historical data (1960-2020),A,Annual,NR,Number,HBEDI_PSY,Psychiatric care beds in hospitals (HP.1),NL,Netherlands,2008,,23000.00,,d,definition differs (see metadata),,
dataflow,ESTAT:HLTH_RS_BDS(1.0),Hospital beds by type of care - historical data (1960-2020),A,Annual,NR,Number,HBEDI_PSY,Psychiatric care beds in hospitals (HP.1),NL,Netherlands,2009,,23300.00,,d,definition differs (see metadata),,
dataflow,ESTAT:HLTH_RS_BDS(1.0),Hospital beds by type of care - historical data (1960-2020),A,Annual,NR,Number,HBEDI_PSY,Psychiatric care beds in hospitals (HP.1),NL,Netherlands,2010,,22500.00,,bde,"break in time series, definition differs (see metadata), estimated",,
dataflow,ESTAT:HLTH_RS_BDS(1.0),Hospital beds by type of care - historical data (1960-2020),A,Annual,NR,Number,HBEDI_PSY,Psychiatric care beds in hospitals (HP.1),NL,Netherlands,2011,,20900.00,,de,"definition differs (see metadata), estimated",,
dataflow,ESTAT:HLTH_RS_BDS(1.0),Hospital beds by type of care - historical data (1960-2020),A,Annual,NR,Number,HBEDI_PSY,Psychiatric care beds in hospitals (HP.1),NL,Netherlands,2012,,18700.00,,de,"definition differs (see metadata), estimated",,
dataflow,ESTAT:HLTH_RS_BDS(1.0),Hospital beds by type of care - historical data (1960-2020),A,Annual,NR,Number,HBEDI_PSY,Psychiatric care beds in hospitals (HP.1),NL,Netherlands,2013,,18400.00,,de,"definition differs (see metadata), estimated",,
dataflow,ESTAT:HLTH_RS_BDS(1.0),Hospital beds by type of care - historical data (1960-2020),A,Annual,NR,Number,HBEDI_PSY,Psychiatric care beds in hospitals (HP.1),NL,Netherlands,2014,,17300.00,,de,"definition differs (see metadata), estimated",,
dataflow,ESTAT:HLTH_RS_BDS(1.0),Hospital beds by type of care - historical data (1960-2020),A,Annual,NR,Number,HBEDI_PSY,Psychiatric care beds in hospitals (HP.1),NL,Netherlands,2015,,16757.00,,b,break in time series,,
dataflow,ESTAT:HLTH_RS_BDS(1.0),Hospital beds by type of care - historical data (1960-2020),A,Annual,NR,Number,HBEDI_PSY,Psychiatric care beds in hospitals (HP.1),NL,Netherlands,2016,,16589.00,,,,,
dataflow,ESTAT:HLTH_RS_BDS(1.0),Hospital beds by type of care - historical data (1960-2020),A,Annual,NR,Number,HBEDI_PSY,Psychiatric care beds in hospitals (HP.1),NL,Netherlands,2017,,16034.00,,,,,
dataflow,ESTAT:HLTH_RS_BDS(1.0),Hospital beds by type of care - historical data (1960-2020),A,Annual,NR,Number,HBEDI_PSY,Psychiatric care beds in hospitals (HP.1),NL,Netherlands,2018,,14888.00,,,,,
dataflow,ESTAT:HLTH_RS_BDS(1.0),Hospital beds by type of care - historical data (1960-2020),A,Annual,NR,Number,HBEDI_PSY,Psychiatric care beds in hospitals (HP.1),NL,Netherlands,2019,,13895.00,,,,,
dataflow,ESTAT:HLTH_RS_BDS(1.0),Hospital beds by type of care - historical data (1960-2020),A,Annual,NR,Number,HBEDI_PSY,Psychiatric care beds in hospitals (HP.1),NO,Norway,1980,,7833.00,,,,,
dataflow,ESTAT:HLTH_RS_BDS(1.0),Hospital beds by type of care - historical data (1960-2020),A,Annual,NR,Number,HBEDI_PSY,Psychiatric care beds in hospitals (HP.1),NO,Norway,1985,,5261.00,,,,,
dataflow,ESTAT:HLTH_RS_BDS(1.0),Hospital beds by type of care - historical data (1960-2020),A,Annual,NR,Number,HBEDI_PSY,Psychiatric care beds in hospitals (HP.1),NO,Norway,1986,,5087.00,,,,,
dataflow,ESTAT:HLTH_RS_BDS(1.0),Hospital beds by type of care - historical data (1960-2020),A,Annual,NR,Number,HBEDI_PSY,Psychiatric care beds in hospitals (HP.1),NO,Norway,1987,,5145.00,,,,,
dataflow,ESTAT:HLTH_RS_BDS(1.0),Hospital beds by type of care - historical data (1960-2020),A,Annual,NR,Number,HBEDI_PSY,Psychiatric care beds in hospitals (HP.1),NO,Norway,1988,,4988.00,,,,,
dataflow,ESTAT:HLTH_RS_BDS(1.0),Hospital beds by type of care - historical data (1960-2020),A,Annual,NR,Number,HBEDI_PSY,Psychiatric care beds in hospitals (HP.1),NO,Norway,1989,,4420.00,,,,,
dataflow,ESTAT:HLTH_RS_BDS(1.0),Hospital beds by type of care - historical data (1960-2020),A,Annual,NR,Number,HBEDI_PSY,Psychiatric care beds in hospitals (HP.1),NO,Norway,1990,,3762.00,,,,,
dataflow,ESTAT:HLTH_RS_BDS(1.0),Hospital beds by type of care - historical data (1960-2020),A,Annual,NR,Number,HBEDI_PSY,Psychiatric care beds in hospitals (HP.1),NO,Norway,1991,,3467.00,,,,,
dataflow,ESTAT:HLTH_RS_BDS(1.0),Hospital beds by type of care - historical data (1960-2020),A,Annual,NR,Number,HBEDI_PSY,Psychiatric care beds in hospitals (HP.1),NO,Norway,1992,,3310.00,,,,,
dataflow,ESTAT:HLTH_RS_BDS(1.0),Hospital beds by type of care - historical data (1960-2020),A,Annual,NR,Number,HBEDI_PSY,Psychiatric care beds in hospitals (HP.1),NO,Norway,1993,,3338.00,,,,,
dataflow,ESTAT:HLTH_RS_BDS(1.0),Hospital beds by type of care - historical data (1960-2020),A,Annual,NR,Number,HBEDI_PSY,Psychiatric care beds in hospitals (HP.1),NO,Norway,1994,,3175.00,,,,,
dataflow,ESTAT:HLTH_RS_BDS(1.0),Hospital beds by type of care - historical data (1960-2020),A,Annual,NR,Number,HBEDI_PSY,Psychiatric care beds in hospitals (HP.1),NO,Norway,1995,,3112.00,,,,,
dataflow,ESTAT:HLTH_RS_BDS(1.0),Hospital beds by type of care - historical data (1960-2020),A,Annual,NR,Number,HBEDI_PSY,Psychiatric care beds in hospitals (HP.1),NO,Norway,1996,,3013.00,,,,,
dataflow,ESTAT:HLTH_RS_BDS(1.0),Hospital beds by type of care - historical data (1960-2020),A,Annual,NR,Number,HBEDI_PSY,Psychiatric care beds in hospitals (HP.1),NO,Norway,1997,,3037.00,,,,,
dataflow,ESTAT:HLTH_RS_BDS(1.0),Hospital beds by type of care - historical data (1960-2020),A,Annual,NR,Number,HBEDI_PSY,Psychiatric care beds in hospitals (HP.1),NO,Norway,1998,,3190.00,,,,,
dataflow,ESTAT:HLTH_RS_BDS(1.0),Hospital beds by type of care - historical data (1960-2020),A,Annual,NR,Number,HBEDI_PSY,Psychiatric care beds in hospitals (HP.1),NO,Norway,1999,,3151.00,,,,,
dataflow,ESTAT:HLTH_RS_BDS(1.0),Hospital beds by type of care - historical data (1960-2020),A,Annual,NR,Number,HBEDI_PSY,Psychiatric care beds in hospitals (HP.1),NO,Norway,2000,,3108.00,,,,,
dataflow,ESTAT:HLTH_RS_BDS(1.0),Hospital beds by type of care - historical data (1960-2020),A,Annual,NR,Number,HBEDI_PSY,Psychiatric care beds in hospitals (HP.1),NO,Norway,2001,,3282.00,,,,,
dataflow,ESTAT:HLTH_RS_BDS(1.0),Hospital beds by type of care - historical data (1960-2020),A,Annual,NR,Number,HBEDI_PSY,Psychiatric care beds in hospitals (HP.1),NO,Norway,2002,,5751.00,,b,break in time series,,
dataflow,ESTAT:HLTH_RS_BDS(1.0),Hospital beds by type of care - historical data (1960-2020),A,Annual,NR,Number,HBEDI_PSY,Psychiatric care beds in hospitals (HP.1),NO,Norway,2003,,5633.00,,,,,
dataflow,ESTAT:HLTH_RS_BDS(1.0),Hospital beds by type of care - historical data (1960-2020),A,Annual,NR,Number,HBEDI_PSY,Psychiatric care beds in hospitals (HP.1),NO,Norway,2004,,6990.00,,,,,
dataflow,ESTAT:HLTH_RS_BDS(1.0),Hospital beds by type of care - historical data (1960-2020),A,Annual,NR,Number,HBEDI_PSY,Psychiatric care beds in hospitals (HP.1),NO,Norway,2005,,7168.00,,,,,
dataflow,ESTAT:HLTH_RS_BDS(1.0),Hospital beds by type of care - historical data (1960-2020),A,Annual,NR,Number,HBEDI_PSY,Psychiatric care beds in hospitals (HP.1),NO,Norway,2006,,7124.00,,,,,
dataflow,ESTAT:HLTH_RS_BDS(1.0),Hospital beds by type of care - historical data (1960-2020),A,Annual,NR,Number,HBEDI_PSY,Psychiatric care beds in hospitals (HP.1),NO,Norway,2007,,6961.00,,,,,
dataflow,ESTAT:HLTH_RS_BDS(1.0),Hospital beds by type of care - historical data (1960-2020),A,Annual,NR,Number,HBEDI_PSY,Psychiatric care beds in hospitals (HP.1),NO,Norway,2008,,6676.00,,,,,
dataflow,ESTAT:HLTH_RS_BDS(1.0),Hospital beds by type of care - historical data (1960-2020),A,Annual,NR,Number,HBEDI_PSY,Psychiatric care beds in hospitals (HP.1),NO,Norway,2009,,6635.00,,,,,
dataflow,ESTAT:HLTH_RS_BDS(1.0),Hospital beds by type of care - historical data (1960-2020),A,Annual,NR,Number,HBEDI_PSY,Psychiatric care beds in hospitals (HP.1),NO,Norway,2010,,6528.00,,,,,
dataflow,ESTAT:HLTH_RS_BDS(1.0),Hospital beds by type of care - historical data (1960-2020),A,Annual,NR,Number,HBEDI_PSY,Psychiatric care beds in hospitals (HP.1),NO,Norway,2011,,6420.00,,,,,
dataflow,ESTAT:HLTH_RS_BDS(1.0),Hospital beds by type of care - historical data (1960-2020),A,Annual,NR,Number,HBEDI_PSY,Psychiatric care beds in hospitals (HP.1),NO,Norway,2012,,6075.00,,,,,
dataflow,ESTAT:HLTH_RS_BDS(1.0),Hospital beds by type of care - historical data (1960-2020),A,Annual,NR,Number,HBEDI_PSY,Psychiatric care beds in hospitals (HP.1),NO,Norway,2013,,5881.00,,,,,
dataflow,ESTAT:HLTH_RS_BDS(1.0),Hospital beds by type of care - historical data (1960-2020),A,Annual,NR,Number,HBEDI_PSY,Psychiatric care beds in hospitals (HP.1),NO,Norway,2014,,5968.00,,,,,
dataflow,ESTAT:HLTH_RS_BDS(1.0),Hospital beds by type of care - historical data (1960-2020),A,Annual,NR,Number,HBEDI_PSY,Psychiatric care beds in hospitals (HP.1),NO,Norway,2015,,5898.00,,,,,
dataflow,ESTAT:HLTH_RS_BDS(1.0),Hospital beds by type of care - historical data (1960-2020),A,Annual,NR,Number,HBEDI_PSY,Psychiatric care beds in hospitals (HP.1),NO,Norway,2016,,5793.00,,,,,
dataflow,ESTAT:HLTH_RS_BDS(1.0),Hospital beds by type of care - historical data (1960-2020),A,Annual,NR,Number,HBEDI_PSY,Psychiatric care beds in hospitals (HP.1),NO,Norway,2017,,5657.00,,,,,
dataflow,ESTAT:HLTH_RS_BDS(1.0),Hospital beds by type of care - historical data (1960-2020),A,Annual,NR,Number,HBEDI_PSY,Psychiatric care beds in hospitals (HP.1),NO,Norway,2018,,5596.00,,,,,
dataflow,ESTAT:HLTH_RS_BDS(1.0),Hospital beds by type of care - historical data (1960-2020),A,Annual,NR,Number,HBEDI_PSY,Psychiatric care beds in hospitals (HP.1),NO,Norway,2019,,5552.00,,,,,
dataflow,ESTAT:HLTH_RS_BDS(1.0),Hospital beds by type of care - historical data (1960-2020),A,Annual,NR,Number,HBEDI_PSY,Psychiatric care beds in hospitals (HP.1),PL,Poland,2003,,27299.00,,,,,
dataflow,ESTAT:HLTH_RS_BDS(1.0),Hospital beds by type of care - historical data (1960-2020),A,Annual,NR,Number,HBEDI_PSY,Psychiatric care beds in hospitals (HP.1),PL,Poland,2004,,26191.00,,,,,
dataflow,ESTAT:HLTH_RS_BDS(1.0),Hospital beds by type of care - historical data (1960-2020),A,Annual,NR,Number,HBEDI_PSY,Psychiatric care beds in hospitals (HP.1),PL,Poland,2005,,25721.00,,,,,
dataflow,ESTAT:HLTH_RS_BDS(1.0),Hospital beds by type of care - historical data (1960-2020),A,Annual,NR,Number,HBEDI_PSY,Psychiatric care beds in hospitals (HP.1),PL,Poland,2006,,25930.00,,,,,
dataflow,ESTAT:HLTH_RS_BDS(1.0),Hospital beds by type of care - historical data (1960-2020),A,Annual,NR,Number,HBEDI_PSY,Psychiatric care beds in hospitals (HP.1),PL,Poland,2007,,25380.00,,,,,
dataflow,ESTAT:HLTH_RS_BDS(1.0),Hospital beds by type of care - historical data (1960-2020),A,Annual,NR,Number,HBEDI_PSY,Psychiatric care beds in hospitals (HP.1),PL,Poland,2008,,24713.00,,,,,
dataflow,ESTAT:HLTH_RS_BDS(1.0),Hospital beds by type of care - historical data (1960-2020),A,Annual,NR,Number,HBEDI_PSY,Psychiatric care beds in hospitals (HP.1),PL,Poland,2009,,24460.00,,,,,
dataflow,ESTAT:HLTH_RS_BDS(1.0),Hospital beds by type of care - historical data (1960-2020),A,Annual,NR,Number,HBEDI_PSY,Psychiatric care beds in hospitals (HP.1),PL,Poland,2010,,24097.00,,,,,
dataflow,ESTAT:HLTH_RS_BDS(1.0),Hospital beds by type of care - historical data (1960-2020),A,Annual,NR,Number,HBEDI_PSY,Psychiatric care beds in hospitals (HP.1),PL,Poland,2011,,24278.00,,,,,
dataflow,ESTAT:HLTH_RS_BDS(1.0),Hospital beds by type of care - historical data (1960-2020),A,Annual,NR,Number,HBEDI_PSY,Psychiatric care beds in hospitals (HP.1),PL,Poland,2012,,24327.00,,b,break in time series,,
dataflow,ESTAT:HLTH_RS_BDS(1.0),Hospital beds by type of care - historical data (1960-2020),A,Annual,NR,Number,HBEDI_PSY,Psychiatric care beds in hospitals (HP.1),PL,Poland,2013,,24352.00,,,,,
dataflow,ESTAT:HLTH_RS_BDS(1.0),Hospital beds by type of care - historical data (1960-2020),A,Annual,NR,Number,HBEDI_PSY,Psychiatric care beds in hospitals (HP.1),PL,Poland,2014,,24770.00,,,,,
dataflow,ESTAT:HLTH_RS_BDS(1.0),Hospital beds by type of care - historical data (1960-2020),A,Annual,NR,Number,HBEDI_PSY,Psychiatric care beds in hospitals (HP.1),PL,Poland,2015,,24813.00,,,,,
dataflow,ESTAT:HLTH_RS_BDS(1.0),Hospital beds by type of care - historical data (1960-2020),A,Annual,NR,Number,HBEDI_PSY,Psychiatric care beds in hospitals (HP.1),PL,Poland,2016,,25034.00,,,,,
dataflow,ESTAT:HLTH_RS_BDS(1.0),Hospital beds by type of care - historical data (1960-2020),A,Annual,NR,Number,HBEDI_PSY,Psychiatric care beds in hospitals (HP.1),PL,Poland,2017,,24736.00,,,,,
dataflow,ESTAT:HLTH_RS_BDS(1.0),Hospital beds by type of care - historical data (1960-2020),A,Annual,NR,Number,HBEDI_PSY,Psychiatric care beds in hospitals (HP.1),PL,Poland,2018,,23632.00,,,,,
dataflow,ESTAT:HLTH_RS_BDS(1.0),Hospital beds by type of care - historical data (1960-2020),A,Annual,NR,Number,HBEDI_PSY,Psychiatric care beds in hospitals (HP.1),PL,Poland,2019,,24026.00,,,,,
dataflow,ESTAT:HLTH_RS_BDS(1.0),Hospital beds by type of care - historical data (1960-2020),A,Annual,NR,Number,HBEDI_PSY,Psychiatric care beds in hospitals (HP.1),PT,Portugal,1985,,8478.00,,,,,
dataflow,ESTAT:HLTH_RS_BDS(1.0),Hospital beds by type of care - historical data (1960-2020),A,Annual,NR,Number,HBEDI_PSY,Psychiatric care beds in hospitals (HP.1),PT,Portugal,1986,,8987.00,,,,,
dataflow,ESTAT:HLTH_RS_BDS(1.0),Hospital beds by type of care - historical data (1960-2020),A,Annual,NR,Number,HBEDI_PSY,Psychiatric care beds in hospitals (HP.1),PT,Portugal,1987,,9121.00,,,,,
dataflow,ESTAT:HLTH_RS_BDS(1.0),Hospital beds by type of care - historical data (1960-2020),A,Annual,NR,Number,HBEDI_PSY,Psychiatric care beds in hospitals (HP.1),PT,Portugal,1988,,8845.00,,,,,
dataflow,ESTAT:HLTH_RS_BDS(1.0),Hospital beds by type of care - historical data (1960-2020),A,Annual,NR,Number,HBEDI_PSY,Psychiatric care beds in hospitals (HP.1),PT,Portugal,1989,,8804.00,,,,,
dataflow,ESTAT:HLTH_RS_BDS(1.0),Hospital beds by type of care - historical data (1960-2020),A,Annual,NR,Number,HBEDI_PSY,Psychiatric care beds in hospitals (HP.1),PT,Portugal,1990,,8799.00,,,,,
dataflow,ESTAT:HLTH_RS_BDS(1.0),Hospital beds by type of care - historical data (1960-2020),A,Annual,NR,Number,HBEDI_PSY,Psychiatric care beds in hospitals (HP.1),PT,Portugal,1991,,8558.00,,,,,
dataflow,ESTAT:HLTH_RS_BDS(1.0),Hospital beds by type of care - historical data (1960-2020),A,Annual,NR,Number,HBEDI_PSY,Psychiatric care beds in hospitals (HP.1),PT,Portugal,1992,,7263.00,,,,,
dataflow,ESTAT:HLTH_RS_BDS(1.0),Hospital beds by type of care - historical data (1960-2020),A,Annual,NR,Number,HBEDI_PSY,Psychiatric care beds in hospitals (HP.1),PT,Portugal,1993,,7180.00,,,,,
dataflow,ESTAT:HLTH_RS_BDS(1.0),Hospital beds by type of care - historical data (1960-2020),A,Annual,NR,Number,HBEDI_PSY,Psychiatric care beds in hospitals (HP.1),PT,Portugal,1994,,9334.00,,b,break in time series,,
dataflow,ESTAT:HLTH_RS_BDS(1.0),Hospital beds by type of care - historical data (1960-2020),A,Annual,NR,Number,HBEDI_PSY,Psychiatric care beds in hospitals (HP.1),PT,Portugal,1995,,9337.00,,,,,
dataflow,ESTAT:HLTH_RS_BDS(1.0),Hospital beds by type of care - historical data (1960-2020),A,Annual,NR,Number,HBEDI_PSY,Psychiatric care beds in hospitals (HP.1),PT,Portugal,1996,,8772.00,,,,,
dataflow,ESTAT:HLTH_RS_BDS(1.0),Hospital beds by type of care - historical data (1960-2020),A,Annual,NR,Number,HBEDI_PSY,Psychiatric care beds in hospitals (HP.1),PT,Portugal,1997,,8560.00,,,,,
dataflow,ESTAT:HLTH_RS_BDS(1.0),Hospital beds by type of care - historical data (1960-2020),A,Annual,NR,Number,HBEDI_PSY,Psychiatric care beds in hospitals (HP.1),PT,Portugal,1998,,8416.00,,,,,
dataflow,ESTAT:HLTH_RS_BDS(1.0),Hospital beds by type of care - historical data (1960-2020),A,Annual,NR,Number,HBEDI_PSY,Psychiatric care beds in hospitals (HP.1),PT,Portugal,1999,,8201.00,,,,,
dataflow,ESTAT:HLTH_RS_BDS(1.0),Hospital beds by type of care - historical data (1960-2020),A,Annual,NR,Number,HBEDI_PSY,Psychiatric care beds in hospitals (HP.1),PT,Portugal,2000,,7949.00,,,,,
dataflow,ESTAT:HLTH_RS_BDS(1.0),Hospital beds by type of care - historical data (1960-2020),A,Annual,NR,Number,HBEDI_PSY,Psychiatric care beds in hospitals (HP.1),PT,Portugal,2001,,7796.00,,,,,
dataflow,ESTAT:HLTH_RS_BDS(1.0),Hospital beds by type of care - historical data (1960-2020),A,Annual,NR,Number,HBEDI_PSY,Psychiatric care beds in hospitals (HP.1),PT,Portugal,2002,,7445.00,,,,,
dataflow,ESTAT:HLTH_RS_BDS(1.0),Hospital beds by type of care - historical data (1960-2020),A,Annual,NR,Number,HBEDI_PSY,Psychiatric care beds in hospitals (HP.1),PT,Portugal,2003,,7655.00,,,,,
dataflow,ESTAT:HLTH_RS_BDS(1.0),Hospital beds by type of care - historical data (1960-2020),A,Annual,NR,Number,HBEDI_PSY,Psychiatric care beds in hospitals (HP.1),PT,Portugal,2004,,7661.00,,,,,
dataflow,ESTAT:HLTH_RS_BDS(1.0),Hospital beds by type of care - historical data (1960-2020),A,Annual,NR,Number,HBEDI_PSY,Psychiatric care beds in hospitals (HP.1),PT,Portugal,2005,,7501.00,,,,,
dataflow,ESTAT:HLTH_RS_BDS(1.0),Hospital beds by type of care - historical data (1960-2020),A,Annual,NR,Number,HBEDI_PSY,Psychiatric care beds in hospitals (HP.1),PT,Portugal,2006,,7353.00,,,,,
dataflow,ESTAT:HLTH_RS_BDS(1.0),Hospital beds by type of care - historical data (1960-2020),A,Annual,NR,Number,HBEDI_PSY,Psychiatric care beds in hospitals (HP.1),PT,Portugal,2007,,7246.00,,,,,
dataflow,ESTAT:HLTH_RS_BDS(1.0),Hospital beds by type of care - historical data (1960-2020),A,Annual,NR,Number,HBEDI_PSY,Psychiatric care beds in hospitals (HP.1),PT,Portugal,2008,,7098.00,,,,,
dataflow,ESTAT:HLTH_RS_BDS(1.0),Hospital beds by type of care - historical data (1960-2020),A,Annual,NR,Number,HBEDI_PSY,Psychiatric care beds in hospitals (HP.1),PT,Portugal,2009,,6948.00,,,,,
dataflow,ESTAT:HLTH_RS_BDS(1.0),Hospital beds by type of care - historical data (1960-2020),A,Annual,NR,Number,HBEDI_PSY,Psychiatric care beds in hospitals (HP.1),PT,Portugal,2010,,6826.00,,,,,
dataflow,ESTAT:HLTH_RS_BDS(1.0),Hospital beds by type of care - historical data (1960-2020),A,Annual,NR,Number,HBEDI_PSY,Psychiatric care beds in hospitals (HP.1),PT,Portugal,2011,,6788.00,,,,,
dataflow,ESTAT:HLTH_RS_BDS(1.0),Hospital beds by type of care - historical data (1960-2020),A,Annual,NR,Number,HBEDI_PSY,Psychiatric care beds in hospitals (HP.1),PT,Portugal,2012,,6593.00,,,,,
dataflow,ESTAT:HLTH_RS_BDS(1.0),Hospital beds by type of care - historical data (1960-2020),A,Annual,NR,Number,HBEDI_PSY,Psychiatric care beds in hospitals (HP.1),PT,Portugal,2013,,6777.00,,,,,
dataflow,ESTAT:HLTH_RS_BDS(1.0),Hospital beds by type of care - historical data (1960-2020),A,Annual,NR,Number,HBEDI_PSY,Psychiatric care beds in hospitals (HP.1),PT,Portugal,2014,,6553.00,,,,,
dataflow,ESTAT:HLTH_RS_BDS(1.0),Hospital beds by type of care - historical data (1960-2020),A,Annual,NR,Number,HBEDI_PSY,Psychiatric care beds in hospitals (HP.1),PT,Portugal,2015,,6594.00,,,,,
dataflow,ESTAT:HLTH_RS_BDS(1.0),Hospital beds by type of care - historical data (1960-2020),A,Annual,NR,Number,HBEDI_PSY,Psychiatric care beds in hospitals (HP.1),PT,Portugal,2016,,6633.00,,,,,
dataflow,ESTAT:HLTH_RS_BDS(1.0),Hospital beds by type of care - historical data (1960-2020),A,Annual,NR,Number,HBEDI_PSY,Psychiatric care beds in hospitals (HP.1),PT,Portugal,2017,,6569.00,,,,,
dataflow,ESTAT:HLTH_RS_BDS(1.0),Hospital beds by type of care - historical data (1960-2020),A,Annual,NR,Number,HBEDI_PSY,Psychiatric care beds in hospitals (HP.1),PT,Portugal,2018,,6541.00,,,,,
dataflow,ESTAT:HLTH_RS_BDS(1.0),Hospital beds by type of care - historical data (1960-2020),A,Annual,NR,Number,HBEDI_PSY,Psychiatric care beds in hospitals (HP.1),PT,Portugal,2019,,6485.00,,,,,
dataflow,ESTAT:HLTH_RS_BDS(1.0),Hospital beds by type of care - historical data (1960-2020),A,Annual,NR,Number,HBEDI_PSY,Psychiatric care beds in hospitals (HP.1),RO,Romania,1980,,22304.00,,,,,
dataflow,ESTAT:HLTH_RS_BDS(1.0),Hospital beds by type of care - historical data (1960-2020),A,Annual,NR,Number,HBEDI_PSY,Psychiatric care beds in hospitals (HP.1),RO,Romania,1985,,22412.00,,,,,
dataflow,ESTAT:HLTH_RS_BDS(1.0),Hospital beds by type of care - historical data (1960-2020),A,Annual,NR,Number,HBEDI_PSY,Psychiatric care beds in hospitals (HP.1),RO,Romania,1986,,22418.00,,,,,
dataflow,ESTAT:HLTH_RS_BDS(1.0),Hospital beds by type of care - historical data (1960-2020),A,Annual,NR,Number,HBEDI_PSY,Psychiatric care beds in hospitals (HP.1),RO,Romania,1987,,22194.00,,,,,
dataflow,ESTAT:HLTH_RS_BDS(1.0),Hospital beds by type of care - historical data (1960-2020),A,Annual,NR,Number,HBEDI_PSY,Psychiatric care beds in hospitals (HP.1),RO,Romania,1988,,22144.00,,,,,
dataflow,ESTAT:HLTH_RS_BDS(1.0),Hospital beds by type of care - historical data (1960-2020),A,Annual,NR,Number,HBEDI_PSY,Psychiatric care beds in hospitals (HP.1),RO,Romania,1989,,22083.00,,,,,
dataflow,ESTAT:HLTH_RS_BDS(1.0),Hospital beds by type of care - historical data (1960-2020),A,Annual,NR,Number,HBEDI_PSY,Psychiatric care beds in hospitals (HP.1),RO,Romania,1990,,22131.00,,,,,
dataflow,ESTAT:HLTH_RS_BDS(1.0),Hospital beds by type of care - historical data (1960-2020),A,Annual,NR,Number,HBEDI_PSY,Psychiatric care beds in hospitals (HP.1),RO,Romania,1991,,21961.00,,,,,
dataflow,ESTAT:HLTH_RS_BDS(1.0),Hospital beds by type of care - historical data (1960-2020),A,Annual,NR,Number,HBEDI_PSY,Psychiatric care beds in hospitals (HP.1),RO,Romania,1992,,20538.00,,,,,
dataflow,ESTAT:HLTH_RS_BDS(1.0),Hospital beds by type of care - historical data (1960-2020),A,Annual,NR,Number,HBEDI_PSY,Psychiatric care beds in hospitals (HP.1),RO,Romania,1993,,20418.00,,,,,
dataflow,ESTAT:HLTH_RS_BDS(1.0),Hospital beds by type of care - historical data (1960-2020),A,Annual,NR,Number,HBEDI_PSY,Psychiatric care beds in hospitals (HP.1),RO,Romania,1994,,20200.00,,,,,
dataflow,ESTAT:HLTH_RS_BDS(1.0),Hospital beds by type of care - historical data (1960-2020),A,Annual,NR,Number,HBEDI_PSY,Psychiatric care beds in hospitals (HP.1),RO,Romania,1995,,20068.00,,,,,
dataflow,ESTAT:HLTH_RS_BDS(1.0),Hospital beds by type of care - historical data (1960-2020),A,Annual,NR,Number,HBEDI_PSY,Psychiatric care beds in hospitals (HP.1),RO,Romania,1996,,20044.00,,,,,
dataflow,ESTAT:HLTH_RS_BDS(1.0),Hospital beds by type of care - historical data (1960-2020),A,Annual,NR,Number,HBEDI_PSY,Psychiatric care beds in hospitals (HP.1),RO,Romania,1997,,20120.00,,,,,
dataflow,ESTAT:HLTH_RS_BDS(1.0),Hospital beds by type of care - historical data (1960-2020),A,Annual,NR,Number,HBEDI_PSY,Psychiatric care beds in hospitals (HP.1),RO,Romania,1998,,19920.00,,,,,
dataflow,ESTAT:HLTH_RS_BDS(1.0),Hospital beds by type of care - historical data (1960-2020),A,Annual,NR,Number,HBEDI_PSY,Psychiatric care beds in hospitals (HP.1),RO,Romania,1999,,19973.00,,b,break in time series,,
dataflow,ESTAT:HLTH_RS_BDS(1.0),Hospital beds by type of care - historical data (1960-2020),A,Annual,NR,Number,HBEDI_PSY,Psychiatric care beds in hospitals (HP.1),RO,Romania,2000,,18299.00,,,,,
dataflow,ESTAT:HLTH_RS_BDS(1.0),Hospital beds by type of care - historical data (1960-2020),A,Annual,NR,Number,HBEDI_PSY,Psychiatric care beds in hospitals (HP.1),RO,Romania,2001,,18322.00,,,,,
dataflow,ESTAT:HLTH_RS_BDS(1.0),Hospital beds by type of care - historical data (1960-2020),A,Annual,NR,Number,HBEDI_PSY,Psychiatric care beds in hospitals (HP.1),RO,Romania,2002,,18094.00,,,,,
dataflow,ESTAT:HLTH_RS_BDS(1.0),Hospital beds by type of care - historical data (1960-2020),A,Annual,NR,Number,HBEDI_PSY,Psychiatric care beds in hospitals (HP.1),RO,Romania,2003,,16567.00,,,,,
dataflow,ESTAT:HLTH_RS_BDS(1.0),Hospital beds by type of care - historical data (1960-2020),A,Annual,NR,Number,HBEDI_PSY,Psychiatric care beds in hospitals (HP.1),RO,Romania,2004,,16467.00,,,,,
dataflow,ESTAT:HLTH_RS_BDS(1.0),Hospital beds by type of care - historical data (1960-2020),A,Annual,NR,Number,HBEDI_PSY,Psychiatric care beds in hospitals (HP.1),RO,Romania,2005,,16497.00,,,,,
dataflow,ESTAT:HLTH_RS_BDS(1.0),Hospital beds by type of care - historical data (1960-2020),A,Annual,NR,Number,HBEDI_PSY,Psychiatric care beds in hospitals (HP.1),RO,Romania,2006,,16954.00,,,,,
dataflow,ESTAT:HLTH_RS_BDS(1.0),Hospital beds by type of care - historical data (1960-2020),A,Annual,NR,Number,HBEDI_PSY,Psychiatric care beds in hospitals (HP.1),RO,Romania,2007,,16834.00,,,,,
dataflow,ESTAT:HLTH_RS_BDS(1.0),Hospital beds by type of care - historical data (1960-2020),A,Annual,NR,Number,HBEDI_PSY,Psychiatric care beds in hospitals (HP.1),RO,Romania,2008,,16812.00,,,,,
dataflow,ESTAT:HLTH_RS_BDS(1.0),Hospital beds by type of care - historical data (1960-2020),A,Annual,NR,Number,HBEDI_PSY,Psychiatric care beds in hospitals (HP.1),RO,Romania,2009,,17153.00,,,,,
dataflow,ESTAT:HLTH_RS_BDS(1.0),Hospital beds by type of care - historical data (1960-2020),A,Annual,NR,Number,HBEDI_PSY,Psychiatric care beds in hospitals (HP.1),RO,Romania,2010,,16813.00,,,,,
dataflow,ESTAT:HLTH_RS_BDS(1.0),Hospital beds by type of care - historical data (1960-2020),A,Annual,NR,Number,HBEDI_PSY,Psychiatric care beds in hospitals (HP.1),RO,Romania,2011,,16653.00,,,,,
dataflow,ESTAT:HLTH_RS_BDS(1.0),Hospital beds by type of care - historical data (1960-2020),A,Annual,NR,Number,HBEDI_PSY,Psychiatric care beds in hospitals (HP.1),RO,Romania,2012,,16741.00,,,,,
dataflow,ESTAT:HLTH_RS_BDS(1.0),Hospital beds by type of care - historical data (1960-2020),A,Annual,NR,Number,HBEDI_PSY,Psychiatric care beds in hospitals (HP.1),RO,Romania,2013,,16820.00,,,,,
dataflow,ESTAT:HLTH_RS_BDS(1.0),Hospital beds by type of care - historical data (1960-2020),A,Annual,NR,Number,HBEDI_PSY,Psychiatric care beds in hospitals (HP.1),RO,Romania,2014,,16783.00,,,,,
dataflow,ESTAT:HLTH_RS_BDS(1.0),Hospital beds by type of care - historical data (1960-2020),A,Annual,NR,Number,HBEDI_PSY,Psychiatric care beds in hospitals (HP.1),RO,Romania,2015,,16785.00,,,,,
dataflow,ESTAT:HLTH_RS_BDS(1.0),Hospital beds by type of care - historical data (1960-2020),A,Annual,NR,Number,HBEDI_PSY,Psychiatric care beds in hospitals (HP.1),RO,Romania,2016,,16715.00,,,,,
dataflow,ESTAT:HLTH_RS_BDS(1.0),Hospital beds by type of care - historical data (1960-2020),A,Annual,NR,Number,HBEDI_PSY,Psychiatric care beds in hospitals (HP.1),RO,Romania,2017,,16688.00,,,,,
dataflow,ESTAT:HLTH_RS_BDS(1.0),Hospital beds by type of care - historical data (1960-2020),A,Annual,NR,Number,HBEDI_PSY,Psychiatric care beds in hospitals (HP.1),RO,Romania,2018,,16638.00,,,,,
dataflow,ESTAT:HLTH_RS_BDS(1.0),Hospital beds by type of care - historical data (1960-2020),A,Annual,NR,Number,HBEDI_PSY,Psychiatric care beds in hospitals (HP.1),RO,Romania,2019,,16609.00,,,,,
dataflow,ESTAT:HLTH_RS_BDS(1.0),Hospital beds by type of care - historical data (1960-2020),A,Annual,NR,Number,HBEDI_PSY,Psychiatric care beds in hospitals (HP.1),RS,Serbia,2006,,5642.00,,,,,
dataflow,ESTAT:HLTH_RS_BDS(1.0),Hospital beds by type of care - historical data (1960-2020),A,Annual,NR,Number,HBEDI_PSY,Psychiatric care beds in hospitals (HP.1),RS,Serbia,2007,,5500.00,,,,,
dataflow,ESTAT:HLTH_RS_BDS(1.0),Hospital beds by type of care - historical data (1960-2020),A,Annual,NR,Number,HBEDI_PSY,Psychiatric care beds in hospitals (HP.1),RS,Serbia,2008,,5354.00,,,,,
dataflow,ESTAT:HLTH_RS_BDS(1.0),Hospital beds by type of care - historical data (1960-2020),A,Annual,NR,Number,HBEDI_PSY,Psychiatric care beds in hospitals (HP.1),RS,Serbia,2009,,5400.00,,,,,
dataflow,ESTAT:HLTH_RS_BDS(1.0),Hospital beds by type of care - historical data (1960-2020),A,Annual,NR,Number,HBEDI_PSY,Psychiatric care beds in hospitals (HP.1),RS,Serbia,2010,,5557.00,,,,,
dataflow,ESTAT:HLTH_RS_BDS(1.0),Hospital beds by type of care - historical data (1960-2020),A,Annual,NR,Number,HBEDI_PSY,Psychiatric care beds in hospitals (HP.1),RS,Serbia,2011,,5551.00,,,,,
dataflow,ESTAT:HLTH_RS_BDS(1.0),Hospital beds by type of care - historical data (1960-2020),A,Annual,NR,Number,HBEDI_PSY,Psychiatric care beds in hospitals (HP.1),RS,Serbia,2012,,5378.00,,,,,
dataflow,ESTAT:HLTH_RS_BDS(1.0),Hospital beds by type of care - historical data (1960-2020),A,Annual,NR,Number,HBEDI_PSY,Psychiatric care beds in hospitals (HP.1),RS,Serbia,2013,,5399.00,,,,,
dataflow,ESTAT:HLTH_RS_BDS(1.0),Hospital beds by type of care - historical data (1960-2020),A,Annual,NR,Number,HBEDI_PSY,Psychiatric care beds in hospitals (HP.1),RS,Serbia,2014,,5384.00,,,,,
dataflow,ESTAT:HLTH_RS_BDS(1.0),Hospital beds by type of care - historical data (1960-2020),A,Annual,NR,Number,HBEDI_PSY,Psychiatric care beds in hospitals (HP.1),RS,Serbia,2015,,5372.00,,,,,
dataflow,ESTAT:HLTH_RS_BDS(1.0),Hospital beds by type of care - historical data (1960-2020),A,Annual,NR,Number,HBEDI_PSY,Psychiatric care beds in hospitals (HP.1),RS,Serbia,2016,,5362.00,,,,,
dataflow,ESTAT:HLTH_RS_BDS(1.0),Hospital beds by type of care - historical data (1960-2020),A,Annual,NR,Number,HBEDI_PSY,Psychiatric care beds in hospitals (HP.1),RS,Serbia,2017,,5406.00,,,,,
dataflow,ESTAT:HLTH_RS_BDS(1.0),Hospital beds by type of care - historical data (1960-2020),A,Annual,NR,Number,HBEDI_PSY,Psychiatric care beds in hospitals (HP.1),RS,Serbia,2018,,5425.00,,,,,
dataflow,ESTAT:HLTH_RS_BDS(1.0),Hospital beds by type of care - historical data (1960-2020),A,Annual,NR,Number,HBEDI_PSY,Psychiatric care beds in hospitals (HP.1),RS,Serbia,2019,,5402.00,,,,,
dataflow,ESTAT:HLTH_RS_BDS(1.0),Hospital beds by type of care - historical data (1960-2020),A,Annual,NR,Number,HBEDI_PSY,Psychiatric care beds in hospitals (HP.1),SE,Sweden,1973,,33961.00,,,,,
dataflow,ESTAT:HLTH_RS_BDS(1.0),Hospital beds by type of care - historical data (1960-2020),A,Annual,NR,Number,HBEDI_PSY,Psychiatric care beds in hospitals (HP.1),SE,Sweden,1974,,33132.00,,,,,
dataflow,ESTAT:HLTH_RS_BDS(1.0),Hospital beds by type of care - historical data (1960-2020),A,Annual,NR,Number,HBEDI_PSY,Psychiatric care beds in hospitals (HP.1),SE,Sweden,1975,,32271.00,,,,,
dataflow,ESTAT:HLTH_RS_BDS(1.0),Hospital beds by type of care - historical data (1960-2020),A,Annual,NR,Number,HBEDI_PSY,Psychiatric care beds in hospitals (HP.1),SE,Sweden,1976,,31348.00,,,,,
dataflow,ESTAT:HLTH_RS_BDS(1.0),Hospital beds by type of care - historical data (1960-2020),A,Annual,NR,Number,HBEDI_PSY,Psychiatric care beds in hospitals (HP.1),SE,Sweden,1977,,30627.00,,,,,
dataflow,ESTAT:HLTH_RS_BDS(1.0),Hospital beds by type of care - historical data (1960-2020),A,Annual,NR,Number,HBEDI_PSY,Psychiatric care beds in hospitals (HP.1),SE,Sweden,1978,,29807.00,,,,,
dataflow,ESTAT:HLTH_RS_BDS(1.0),Hospital beds by type of care - historical data (1960-2020),A,Annual,NR,Number,HBEDI_PSY,Psychiatric care beds in hospitals (HP.1),SE,Sweden,1979,,28024.00,,,,,
dataflow,ESTAT:HLTH_RS_BDS(1.0),Hospital beds by type of care - historical data (1960-2020),A,Annual,NR,Number,HBEDI_PSY,Psychiatric care beds in hospitals (HP.1),SE,Sweden,1980,,26962.00,,,,,
dataflow,ESTAT:HLTH_RS_BDS(1.0),Hospital beds by type of care - historical data (1960-2020),A,Annual,NR,Number,HBEDI_PSY,Psychiatric care beds in hospitals (HP.1),SE,Sweden,1981,,25843.00,,,,,
dataflow,ESTAT:HLTH_RS_BDS(1.0),Hospital beds by type of care - historical data (1960-2020),A,Annual,NR,Number,HBEDI_PSY,Psychiatric care beds in hospitals (HP.1),SE,Sweden,1982,,24850.00,,,,,
dataflow,ESTAT:HLTH_RS_BDS(1.0),Hospital beds by type of care - historical data (1960-2020),A,Annual,NR,Number,HBEDI_PSY,Psychiatric care beds in hospitals (HP.1),SE,Sweden,1983,,24358.00,,,,,
dataflow,ESTAT:HLTH_RS_BDS(1.0),Hospital beds by type of care - historical data (1960-2020),A,Annual,NR,Number,HBEDI_PSY,Psychiatric care beds in hospitals (HP.1),SE,Sweden,1984,,23853.00,,,,,
dataflow,ESTAT:HLTH_RS_BDS(1.0),Hospital beds by type of care - historical data (1960-2020),A,Annual,NR,Number,HBEDI_PSY,Psychiatric care beds in hospitals (HP.1),SE,Sweden,1985,,20906.00,,,,,
dataflow,ESTAT:HLTH_RS_BDS(1.0),Hospital beds by type of care - historical data (1960-2020),A,Annual,NR,Number,HBEDI_PSY,Psychiatric care beds in hospitals (HP.1),SE,Sweden,1986,,19189.00,,,,,
dataflow,ESTAT:HLTH_RS_BDS(1.0),Hospital beds by type of care - historical data (1960-2020),A,Annual,NR,Number,HBEDI_PSY,Psychiatric care beds in hospitals (HP.1),SE,Sweden,1987,,17818.00,,,,,
dataflow,ESTAT:HLTH_RS_BDS(1.0),Hospital beds by type of care - historical data (1960-2020),A,Annual,NR,Number,HBEDI_PSY,Psychiatric care beds in hospitals (HP.1),SE,Sweden,1988,,16844.00,,,,,
dataflow,ESTAT:HLTH_RS_BDS(1.0),Hospital beds by type of care - historical data (1960-2020),A,Annual,NR,Number,HBEDI_PSY,Psychiatric care beds in hospitals (HP.1),SE,Sweden,1989,,15535.00,,,,,
dataflow,ESTAT:HLTH_RS_BDS(1.0),Hospital beds by type of care - historical data (1960-2020),A,Annual,NR,Number,HBEDI_PSY,Psychiatric care beds in hospitals (HP.1),SE,Sweden,1990,,14533.00,,,,,
dataflow,ESTAT:HLTH_RS_BDS(1.0),Hospital beds by type of care - historical data (1960-2020),A,Annual,NR,Number,HBEDI_PSY,Psychiatric care beds in hospitals (HP.1),SE,Sweden,1991,,12960.00,,,,,
dataflow,ESTAT:HLTH_RS_BDS(1.0),Hospital beds by type of care - historical data (1960-2020),A,Annual,NR,Number,HBEDI_PSY,Psychiatric care beds in hospitals (HP.1),SE,Sweden,1992,,11846.00,,,,,
dataflow,ESTAT:HLTH_RS_BDS(1.0),Hospital beds by type of care - historical data (1960-2020),A,Annual,NR,Number,HBEDI_PSY,Psychiatric care beds in hospitals (HP.1),SE,Sweden,1993,,10865.00,,,,,
dataflow,ESTAT:HLTH_RS_BDS(1.0),Hospital beds by type of care - historical data (1960-2020),A,Annual,NR,Number,HBEDI_PSY,Psychiatric care beds in hospitals (HP.1),SE,Sweden,1994,,9797.00,,,,,
dataflow,ESTAT:HLTH_RS_BDS(1.0),Hospital beds by type of care - historical data (1960-2020),A,Annual,NR,Number,HBEDI_PSY,Psychiatric care beds in hospitals (HP.1),SE,Sweden,1995,,8372.00,,,,,
dataflow,ESTAT:HLTH_RS_BDS(1.0),Hospital beds by type of care - historical data (1960-2020),A,Annual,NR,Number,HBEDI_PSY,Psychiatric care beds in hospitals (HP.1),SE,Sweden,1996,,7276.00,,,,,
dataflow,ESTAT:HLTH_RS_BDS(1.0),Hospital beds by type of care - historical data (1960-2020),A,Annual,NR,Number,HBEDI_PSY,Psychiatric care beds in hospitals (HP.1),SE,Sweden,1997,,6267.00,,,,,
dataflow,ESTAT:HLTH_RS_BDS(1.0),Hospital beds by type of care - historical data (1960-2020),A,Annual,NR,Number,HBEDI_PSY,Psychiatric care beds in hospitals (HP.1),SE,Sweden,1998,,5872.00,,,,,
dataflow,ESTAT:HLTH_RS_BDS(1.0),Hospital beds by type of care - historical data (1960-2020),A,Annual,NR,Number,HBEDI_PSY,Psychiatric care beds in hospitals (HP.1),SE,Sweden,1999,,5786.00,,,,,
dataflow,ESTAT:HLTH_RS_BDS(1.0),Hospital beds by type of care - historical data (1960-2020),A,Annual,NR,Number,HBEDI_PSY,Psychiatric care beds in hospitals (HP.1),SE,Sweden,2000,,5565.00,,,,,
dataflow,ESTAT:HLTH_RS_BDS(1.0),Hospital beds by type of care - historical data (1960-2020),A,Annual,NR,Number,HBEDI_PSY,Psychiatric care beds in hospitals (HP.1),SE,Sweden,2001,,5218.00,,b,break in time series,,
dataflow,ESTAT:HLTH_RS_BDS(1.0),Hospital beds by type of care - historical data (1960-2020),A,Annual,NR,Number,HBEDI_PSY,Psychiatric care beds in hospitals (HP.1),SE,Sweden,2002,,4850.00,,,,,
dataflow,ESTAT:HLTH_RS_BDS(1.0),Hospital beds by type of care - historical data (1960-2020),A,Annual,NR,Number,HBEDI_PSY,Psychiatric care beds in hospitals (HP.1),SE,Sweden,2003,,4606.00,,,,,
dataflow,ESTAT:HLTH_RS_BDS(1.0),Hospital beds by type of care - historical data (1960-2020),A,Annual,NR,Number,HBEDI_PSY,Psychiatric care beds in hospitals (HP.1),SE,Sweden,2004,,4507.00,,,,,
dataflow,ESTAT:HLTH_RS_BDS(1.0),Hospital beds by type of care - historical data (1960-2020),A,Annual,NR,Number,HBEDI_PSY,Psychiatric care beds in hospitals (HP.1),SE,Sweden,2005,,4347.00,,,,,
dataflow,ESTAT:HLTH_RS_BDS(1.0),Hospital beds by type of care - historical data (1960-2020),A,Annual,NR,Number,HBEDI_PSY,Psychiatric care beds in hospitals (HP.1),SE,Sweden,2006,,4477.00,,,,,
dataflow,ESTAT:HLTH_RS_BDS(1.0),Hospital beds by type of care - historical data (1960-2020),A,Annual,NR,Number,HBEDI_PSY,Psychiatric care beds in hospitals (HP.1),SE,Sweden,2007,,4467.00,,,,,
dataflow,ESTAT:HLTH_RS_BDS(1.0),Hospital beds by type of care - historical data (1960-2020),A,Annual,NR,Number,HBEDI_PSY,Psychiatric care beds in hospitals (HP.1),SE,Sweden,2008,,4429.00,,,,,
dataflow,ESTAT:HLTH_RS_BDS(1.0),Hospital beds by type of care - historical data (1960-2020),A,Annual,NR,Number,HBEDI_PSY,Psychiatric care beds in hospitals (HP.1),SE,Sweden,2009,,4489.00,,,,,
dataflow,ESTAT:HLTH_RS_BDS(1.0),Hospital beds by type of care - historical data (1960-2020),A,Annual,NR,Number,HBEDI_PSY,Psychiatric care beds in hospitals (HP.1),SE,Sweden,2010,,4457.00,,,,,
dataflow,ESTAT:HLTH_RS_BDS(1.0),Hospital beds by type of care - historical data (1960-2020),A,Annual,NR,Number,HBEDI_PSY,Psychiatric care beds in hospitals (HP.1),SE,Sweden,2011,,4443.00,,,,,
dataflow,ESTAT:HLTH_RS_BDS(1.0),Hospital beds by type of care - historical data (1960-2020),A,Annual,NR,Number,HBEDI_PSY,Psychiatric care beds in hospitals (HP.1),SE,Sweden,2012,,4387.00,,b,break in time series,,
dataflow,ESTAT:HLTH_RS_BDS(1.0),Hospital beds by type of care - historical data (1960-2020),A,Annual,NR,Number,HBEDI_PSY,Psychiatric care beds in hospitals (HP.1),SE,Sweden,2013,,4394.00,,,,,
dataflow,ESTAT:HLTH_RS_BDS(1.0),Hospital beds by type of care - historical data (1960-2020),A,Annual,NR,Number,HBEDI_PSY,Psychiatric care beds in hospitals (HP.1),SE,Sweden,2014,,4369.00,,,,,
dataflow,ESTAT:HLTH_RS_BDS(1.0),Hospital beds by type of care - historical data (1960-2020),A,Annual,NR,Number,HBEDI_PSY,Psychiatric care beds in hospitals (HP.1),SE,Sweden,2015,,4341.00,,,,,
dataflow,ESTAT:HLTH_RS_BDS(1.0),Hospital beds by type of care - historical data (1960-2020),A,Annual,NR,Number,HBEDI_PSY,Psychiatric care beds in hospitals (HP.1),SE,Sweden,2016,,4291.00,,,,,
dataflow,ESTAT:HLTH_RS_BDS(1.0),Hospital beds by type of care - historical data (1960-2020),A,Annual,NR,Number,HBEDI_PSY,Psychiatric care beds in hospitals (HP.1),SE,Sweden,2017,,4293.00,,,,,
dataflow,ESTAT:HLTH_RS_BDS(1.0),Hospital beds by type of care - historical data (1960-2020),A,Annual,NR,Number,HBEDI_PSY,Psychiatric care beds in hospitals (HP.1),SE,Sweden,2018,,4166.00,,,,,
dataflow,ESTAT:HLTH_RS_BDS(1.0),Hospital beds by type of care - historical data (1960-2020),A,Annual,NR,Number,HBEDI_PSY,Psychiatric care beds in hospitals (HP.1),SE,Sweden,2019,,4172.00,,,,,
dataflow,ESTAT:HLTH_RS_BDS(1.0),Hospital beds by type of care - historical data (1960-2020),A,Annual,NR,Number,HBEDI_PSY,Psychiatric care beds in hospitals (HP.1),SI,Slovenia,1980,,1817.00,,,,,
dataflow,ESTAT:HLTH_RS_BDS(1.0),Hospital beds by type of care - historical data (1960-2020),A,Annual,NR,Number,HBEDI_PSY,Psychiatric care beds in hospitals (HP.1),SI,Slovenia,1985,,1614.00,,,,,
dataflow,ESTAT:HLTH_RS_BDS(1.0),Hospital beds by type of care - historical data (1960-2020),A,Annual,NR,Number,HBEDI_PSY,Psychiatric care beds in hospitals (HP.1),SI,Slovenia,1986,,1614.00,,,,,
dataflow,ESTAT:HLTH_RS_BDS(1.0),Hospital beds by type of care - historical data (1960-2020),A,Annual,NR,Number,HBEDI_PSY,Psychiatric care beds in hospitals (HP.1),SI,Slovenia,1987,,1614.00,,,,,
dataflow,ESTAT:HLTH_RS_BDS(1.0),Hospital beds by type of care - historical data (1960-2020),A,Annual,NR,Number,HBEDI_PSY,Psychiatric care beds in hospitals (HP.1),SI,Slovenia,1988,,1614.00,,,,,
dataflow,ESTAT:HLTH_RS_BDS(1.0),Hospital beds by type of care - historical data (1960-2020),A,Annual,NR,Number,HBEDI_PSY,Psychiatric care beds in hospitals (HP.1),SI,Slovenia,1989,,1614.00,,,,,
dataflow,ESTAT:HLTH_RS_BDS(1.0),Hospital beds by type of care - historical data (1960-2020),A,Annual,NR,Number,HBEDI_PSY,Psychiatric care beds in hospitals (HP.1),SI,Slovenia,1990,,1614.00,,,,,
dataflow,ESTAT:HLTH_RS_BDS(1.0),Hospital beds by type of care - historical data (1960-2020),A,Annual,NR,Number,HBEDI_PSY,Psychiatric care beds in hospitals (HP.1),SI,Slovenia,1991,,1614.00,,,,,
dataflow,ESTAT:HLTH_RS_BDS(1.0),Hospital beds by type of care - historical data (1960-2020),A,Annual,NR,Number,HBEDI_PSY,Psychiatric care beds in hospitals (HP.1),SI,Slovenia,1992,,1614.00,,,,,
dataflow,ESTAT:HLTH_RS_BDS(1.0),Hospital beds by type of care - historical data (1960-2020),A,Annual,NR,Number,HBEDI_PSY,Psychiatric care beds in hospitals (HP.1),SI,Slovenia,1993,,1594.00,,,,,
dataflow,ESTAT:HLTH_RS_BDS(1.0),Hospital beds by type of care - historical data (1960-2020),A,Annual,NR,Number,HBEDI_PSY,Psychiatric care beds in hospitals (HP.1),SI,Slovenia,1994,,1594.00,,,,,
dataflow,ESTAT:HLTH_RS_BDS(1.0),Hospital beds by type of care - historical data (1960-2020),A,Annual,NR,Number,HBEDI_PSY,Psychiatric care beds in hospitals (HP.1),SI,Slovenia,1995,,1594.00,,,,,
dataflow,ESTAT:HLTH_RS_BDS(1.0),Hospital beds by type of care - historical data (1960-2020),A,Annual,NR,Number,HBEDI_PSY,Psychiatric care beds in hospitals (HP.1),SI,Slovenia,1996,,1599.00,,,,,
dataflow,ESTAT:HLTH_RS_BDS(1.0),Hospital beds by type of care - historical data (1960-2020),A,Annual,NR,Number,HBEDI_PSY,Psychiatric care beds in hospitals (HP.1),SI,Slovenia,1997,,1583.00,,,,,
dataflow,ESTAT:HLTH_RS_BDS(1.0),Hospital beds by type of care - historical data (1960-2020),A,Annual,NR,Number,HBEDI_PSY,Psychiatric care beds in hospitals (HP.1),SI,Slovenia,1998,,1583.00,,,,,
dataflow,ESTAT:HLTH_RS_BDS(1.0),Hospital beds by type of care - historical data (1960-2020),A,Annual,NR,Number,HBEDI_PSY,Psychiatric care beds in hospitals (HP.1),SI,Slovenia,1999,,1537.00,,,,,
dataflow,ESTAT:HLTH_RS_BDS(1.0),Hospital beds by type of care - historical data (1960-2020),A,Annual,NR,Number,HBEDI_PSY,Psychiatric care beds in hospitals (HP.1),SI,Slovenia,2000,,1525.00,,,,,
dataflow,ESTAT:HLTH_RS_BDS(1.0),Hospital beds by type of care - historical data (1960-2020),A,Annual,NR,Number,HBEDI_PSY,Psychiatric care beds in hospitals (HP.1),SI,Slovenia,2001,,1496.00,,,,,
dataflow,ESTAT:HLTH_RS_BDS(1.0),Hospital beds by type of care - historical data (1960-2020),A,Annual,NR,Number,HBEDI_PSY,Psychiatric care beds in hospitals (HP.1),SI,Slovenia,2002,,1477.00,,,,,
dataflow,ESTAT:HLTH_RS_BDS(1.0),Hospital beds by type of care - historical data (1960-2020),A,Annual,NR,Number,HBEDI_PSY,Psychiatric care beds in hospitals (HP.1),SI,Slovenia,2003,,1471.00,,,,,
dataflow,ESTAT:HLTH_RS_BDS(1.0),Hospital beds by type of care - historical data (1960-2020),A,Annual,NR,Number,HBEDI_PSY,Psychiatric care beds in hospitals (HP.1),SI,Slovenia,2004,,1471.00,,,,,
dataflow,ESTAT:HLTH_RS_BDS(1.0),Hospital beds by type of care - historical data (1960-2020),A,Annual,NR,Number,HBEDI_PSY,Psychiatric care beds in hospitals (HP.1),SI,Slovenia,2005,,1472.00,,,,,
dataflow,ESTAT:HLTH_RS_BDS(1.0),Hospital beds by type of care - historical data (1960-2020),A,Annual,NR,Number,HBEDI_PSY,Psychiatric care beds in hospitals (HP.1),SI,Slovenia,2006,,1430.00,,,,,
dataflow,ESTAT:HLTH_RS_BDS(1.0),Hospital beds by type of care - historical data (1960-2020),A,Annual,NR,Number,HBEDI_PSY,Psychiatric care beds in hospitals (HP.1),SI,Slovenia,2007,,1369.00,,,,,
dataflow,ESTAT:HLTH_RS_BDS(1.0),Hospital beds by type of care - historical data (1960-2020),A,Annual,NR,Number,HBEDI_PSY,Psychiatric care beds in hospitals (HP.1),SI,Slovenia,2008,,1397.00,,,,,
dataflow,ESTAT:HLTH_RS_BDS(1.0),Hospital beds by type of care - historical data (1960-2020),A,Annual,NR,Number,HBEDI_PSY,Psychiatric care beds in hospitals (HP.1),SI,Slovenia,2009,,1339.00,,,,,
dataflow,ESTAT:HLTH_RS_BDS(1.0),Hospital beds by type of care - historical data (1960-2020),A,Annual,NR,Number,HBEDI_PSY,Psychiatric care beds in hospitals (HP.1),SI,Slovenia,2010,,1333.00,,,,,
dataflow,ESTAT:HLTH_RS_BDS(1.0),Hospital beds by type of care - historical data (1960-2020),A,Annual,NR,Number,HBEDI_PSY,Psychiatric care beds in hospitals (HP.1),SI,Slovenia,2011,,1344.00,,,,,
dataflow,ESTAT:HLTH_RS_BDS(1.0),Hospital beds by type of care - historical data (1960-2020),A,Annual,NR,Number,HBEDI_PSY,Psychiatric care beds in hospitals (HP.1),SI,Slovenia,2012,,1370.00,,,,,
dataflow,ESTAT:HLTH_RS_BDS(1.0),Hospital beds by type of care - historical data (1960-2020),A,Annual,NR,Number,HBEDI_PSY,Psychiatric care beds in hospitals (HP.1),SI,Slovenia,2013,,1365.00,,,,,
dataflow,ESTAT:HLTH_RS_BDS(1.0),Hospital beds by type of care - historical data (1960-2020),A,Annual,NR,Number,HBEDI_PSY,Psychiatric care beds in hospitals (HP.1),SI,Slovenia,2014,,1365.00,,,,,
dataflow,ESTAT:HLTH_RS_BDS(1.0),Hospital beds by type of care - historical data (1960-2020),A,Annual,NR,Number,HBEDI_PSY,Psychiatric care beds in hospitals (HP.1),SI,Slovenia,2015,,1383.00,,,,,
dataflow,ESTAT:HLTH_RS_BDS(1.0),Hospital beds by type of care - historical data (1960-2020),A,Annual,NR,Number,HBEDI_PSY,Psychiatric care beds in hospitals (HP.1),SI,Slovenia,2016,,1366.00,,,,,
dataflow,ESTAT:HLTH_RS_BDS(1.0),Hospital beds by type of care - historical data (1960-2020),A,Annual,NR,Number,HBEDI_PSY,Psychiatric care beds in hospitals (HP.1),SI,Slovenia,2017,,1363.00,,,,,
dataflow,ESTAT:HLTH_RS_BDS(1.0),Hospital beds by type of care - historical data (1960-2020),A,Annual,NR,Number,HBEDI_PSY,Psychiatric care beds in hospitals (HP.1),SI,Slovenia,2018,,1361.00,,,,,
dataflow,ESTAT:HLTH_RS_BDS(1.0),Hospital beds by type of care - historical data (1960-2020),A,Annual,NR,Number,HBEDI_PSY,Psychiatric care beds in hospitals (HP.1),SI,Slovenia,2019,,1364.00,,,,,
dataflow,ESTAT:HLTH_RS_BDS(1.0),Hospital beds by type of care - historical data (1960-2020),A,Annual,NR,Number,HBEDI_PSY,Psychiatric care beds in hospitals (HP.1),SK,Slovakia,1996,,4864.00,,,,,
dataflow,ESTAT:HLTH_RS_BDS(1.0),Hospital beds by type of care - historical data (1960-2020),A,Annual,NR,Number,HBEDI_PSY,Psychiatric care beds in hospitals (HP.1),SK,Slovakia,1997,,5005.00,,,,,
dataflow,ESTAT:HLTH_RS_BDS(1.0),Hospital beds by type of care - historical data (1960-2020),A,Annual,NR,Number,HBEDI_PSY,Psychiatric care beds in hospitals (HP.1),SK,Slovakia,1998,,4995.00,,,,,
dataflow,ESTAT:HLTH_RS_BDS(1.0),Hospital beds by type of care - historical data (1960-2020),A,Annual,NR,Number,HBEDI_PSY,Psychiatric care beds in hospitals (HP.1),SK,Slovakia,1999,,4995.00,,,,,
dataflow,ESTAT:HLTH_RS_BDS(1.0),Hospital beds by type of care - historical data (1960-2020),A,Annual,NR,Number,HBEDI_PSY,Psychiatric care beds in hospitals (HP.1),SK,Slovakia,2000,,5031.00,,,,,
dataflow,ESTAT:HLTH_RS_BDS(1.0),Hospital beds by type of care - historical data (1960-2020),A,Annual,NR,Number,HBEDI_PSY,Psychiatric care beds in hospitals (HP.1),SK,Slovakia,2001,,5003.00,,,,,
dataflow,ESTAT:HLTH_RS_BDS(1.0),Hospital beds by type of care - historical data (1960-2020),A,Annual,NR,Number,HBEDI_PSY,Psychiatric care beds in hospitals (HP.1),SK,Slovakia,2002,,5060.00,,,,,
dataflow,ESTAT:HLTH_RS_BDS(1.0),Hospital beds by type of care - historical data (1960-2020),A,Annual,NR,Number,HBEDI_PSY,Psychiatric care beds in hospitals (HP.1),SK,Slovakia,2003,,4831.00,,,,,
dataflow,ESTAT:HLTH_RS_BDS(1.0),Hospital beds by type of care - historical data (1960-2020),A,Annual,NR,Number,HBEDI_PSY,Psychiatric care beds in hospitals (HP.1),SK,Slovakia,2004,,4669.00,,,,,
dataflow,ESTAT:HLTH_RS_BDS(1.0),Hospital beds by type of care - historical data (1960-2020),A,Annual,NR,Number,HBEDI_PSY,Psychiatric care beds in hospitals (HP.1),SK,Slovakia,2005,,4502.00,,,,,
dataflow,ESTAT:HLTH_RS_BDS(1.0),Hospital beds by type of care - historical data (1960-2020),A,Annual,NR,Number,HBEDI_PSY,Psychiatric care beds in hospitals (HP.1),SK,Slovakia,2006,,4514.00,,,,,
dataflow,ESTAT:HLTH_RS_BDS(1.0),Hospital beds by type of care - historical data (1960-2020),A,Annual,NR,Number,HBEDI_PSY,Psychiatric care beds in hospitals (HP.1),SK,Slovakia,2007,,4450.00,,,,,
dataflow,ESTAT:HLTH_RS_BDS(1.0),Hospital beds by type of care - historical data (1960-2020),A,Annual,NR,Number,HBEDI_PSY,Psychiatric care beds in hospitals (HP.1),SK,Slovakia,2008,,4379.00,,,,,
dataflow,ESTAT:HLTH_RS_BDS(1.0),Hospital beds by type of care - historical data (1960-2020),A,Annual,NR,Number,HBEDI_PSY,Psychiatric care beds in hospitals (HP.1),SK,Slovakia,2009,,4336.00,,,,,
dataflow,ESTAT:HLTH_RS_BDS(1.0),Hospital beds by type of care - historical data (1960-2020),A,Annual,NR,Number,HBEDI_PSY,Psychiatric care beds in hospitals (HP.1),SK,Slovakia,2010,,4316.00,,,,,
dataflow,ESTAT:HLTH_RS_BDS(1.0),Hospital beds by type of care - historical data (1960-2020),A,Annual,NR,Number,HBEDI_PSY,Psychiatric care beds in hospitals (HP.1),SK,Slovakia,2011,,4148.00,,,,,
dataflow,ESTAT:HLTH_RS_BDS(1.0),Hospital beds by type of care - historical data (1960-2020),A,Annual,NR,Number,HBEDI_PSY,Psychiatric care beds in hospitals (HP.1),SK,Slovakia,2012,,4199.00,,,,,
dataflow,ESTAT:HLTH_RS_BDS(1.0),Hospital beds by type of care - historical data (1960-2020),A,Annual,NR,Number,HBEDI_PSY,Psychiatric care beds in hospitals (HP.1),SK,Slovakia,2013,,4417.00,,,,,
dataflow,ESTAT:HLTH_RS_BDS(1.0),Hospital beds by type of care - historical data (1960-2020),A,Annual,NR,Number,HBEDI_PSY,Psychiatric care beds in hospitals (HP.1),SK,Slovakia,2014,,4431.00,,,,,
dataflow,ESTAT:HLTH_RS_BDS(1.0),Hospital beds by type of care - historical data (1960-2020),A,Annual,NR,Number,HBEDI_PSY,Psychiatric care beds in hospitals (HP.1),SK,Slovakia,2015,,4383.00,,,,,
dataflow,ESTAT:HLTH_RS_BDS(1.0),Hospital beds by type of care - historical data (1960-2020),A,Annual,NR,Number,HBEDI_PSY,Psychiatric care beds in hospitals (HP.1),SK,Slovakia,2016,,4415.00,,,,,
dataflow,ESTAT:HLTH_RS_BDS(1.0),Hospital beds by type of care - historical data (1960-2020),A,Annual,NR,Number,HBEDI_PSY,Psychiatric care beds in hospitals (HP.1),SK,Slovakia,2017,,4430.00,,,,,
dataflow,ESTAT:HLTH_RS_BDS(1.0),Hospital beds by type of care - historical data (1960-2020),A,Annual,NR,Number,HBEDI_PSY,Psychiatric care beds in hospitals (HP.1),SK,Slovakia,2018,,4413.00,,b,break in time series,,
dataflow,ESTAT:HLTH_RS_BDS(1.0),Hospital beds by type of care - historical data (1960-2020),A,Annual,NR,Number,HBEDI_PSY,Psychiatric care beds in hospitals (HP.1),SK,Slovakia,2019,,4400.00,,,,,
dataflow,ESTAT:HLTH_RS_BDS(1.0),Hospital beds by type of care - historical data (1960-2020),A,Annual,NR,Number,HBEDI_PSY,Psychiatric care beds in hospitals (HP.1),TR,Türkiye,2002,,4356.00,,,,,
dataflow,ESTAT:HLTH_RS_BDS(1.0),Hospital beds by type of care - historical data (1960-2020),A,Annual,NR,Number,HBEDI_PSY,Psychiatric care beds in hospitals (HP.1),TR,Türkiye,2003,,4149.00,,,,,
dataflow,ESTAT:HLTH_RS_BDS(1.0),Hospital beds by type of care - historical data (1960-2020),A,Annual,NR,Number,HBEDI_PSY,Psychiatric care beds in hospitals (HP.1),TR,Türkiye,2004,,3913.00,,,,,
dataflow,ESTAT:HLTH_RS_BDS(1.0),Hospital beds by type of care - historical data (1960-2020),A,Annual,NR,Number,HBEDI_PSY,Psychiatric care beds in hospitals (HP.1),TR,Türkiye,2005,,4042.00,,,,,
dataflow,ESTAT:HLTH_RS_BDS(1.0),Hospital beds by type of care - historical data (1960-2020),A,Annual,NR,Number,HBEDI_PSY,Psychiatric care beds in hospitals (HP.1),TR,Türkiye,2006,,4443.00,,,,,
dataflow,ESTAT:HLTH_RS_BDS(1.0),Hospital beds by type of care - historical data (1960-2020),A,Annual,NR,Number,HBEDI_PSY,Psychiatric care beds in hospitals (HP.1),TR,Türkiye,2007,,3507.00,,,,,
dataflow,ESTAT:HLTH_RS_BDS(1.0),Hospital beds by type of care - historical data (1960-2020),A,Annual,NR,Number,HBEDI_PSY,Psychiatric care beds in hospitals (HP.1),TR,Türkiye,2008,,4359.00,,,,,
dataflow,ESTAT:HLTH_RS_BDS(1.0),Hospital beds by type of care - historical data (1960-2020),A,Annual,NR,Number,HBEDI_PSY,Psychiatric care beds in hospitals (HP.1),TR,Türkiye,2009,,4742.00,,,,,
dataflow,ESTAT:HLTH_RS_BDS(1.0),Hospital beds by type of care - historical data (1960-2020),A,Annual,NR,Number,HBEDI_PSY,Psychiatric care beds in hospitals (HP.1),TR,Türkiye,2010,,4692.00,,,,,
dataflow,ESTAT:HLTH_RS_BDS(1.0),Hospital beds by type of care - historical data (1960-2020),A,Annual,NR,Number,HBEDI_PSY,Psychiatric care beds in hospitals (HP.1),TR,Türkiye,2011,,4542.00,,,,,
dataflow,ESTAT:HLTH_RS_BDS(1.0),Hospital beds by type of care - historical data (1960-2020),A,Annual,NR,Number,HBEDI_PSY,Psychiatric care beds in hospitals (HP.1),TR,Türkiye,2012,,4393.00,,,,,
dataflow,ESTAT:HLTH_RS_BDS(1.0),Hospital beds by type of care - historical data (1960-2020),A,Annual,NR,Number,HBEDI_PSY,Psychiatric care beds in hospitals (HP.1),TR,Türkiye,2013,,4392.00,,,,,
dataflow,ESTAT:HLTH_RS_BDS(1.0),Hospital beds by type of care - historical data (1960-2020),A,Annual,NR,Number,HBEDI_PSY,Psychiatric care beds in hospitals (HP.1),TR,Türkiye,2014,,4259.00,,,,,
dataflow,ESTAT:HLTH_RS_BDS(1.0),Hospital beds by type of care - historical data (1960-2020),A,Annual,NR,Number,HBEDI_PSY,Psychiatric care beds in hospitals (HP.1),TR,Türkiye,2015,,4231.00,,,,,
dataflow,ESTAT:HLTH_RS_BDS(1.0),Hospital beds by type of care - historical data (1960-2020),A,Annual,NR,Number,HBEDI_PSY,Psychiatric care beds in hospitals (HP.1),TR,Türkiye,2016,,4352.00,,,,,
dataflow,ESTAT:HLTH_RS_BDS(1.0),Hospital beds by type of care - historical data (1960-2020),A,Annual,NR,Number,HBEDI_PSY,Psychiatric care beds in hospitals (HP.1),TR,Türkiye,2017,,4019.00,,,,,
dataflow,ESTAT:HLTH_RS_BDS(1.0),Hospital beds by type of care - historical data (1960-2020),A,Annual,NR,Number,HBEDI_PSY,Psychiatric care beds in hospitals (HP.1),TR,Türkiye,2018,,3887.00,,,,,
dataflow,ESTAT:HLTH_RS_BDS(1.0),Hospital beds by type of care - historical data (1960-2020),A,Annual,NR,Number,HBEDI_PSY,Psychiatric care beds in hospitals (HP.1),TR,Türkiye,2019,,3932.00,,,,,
dataflow,ESTAT:HLTH_RS_BDS(1.0),Hospital beds by type of care - historical data (1960-2020),A,Annual,NR,Number,HBEDI_PSY,Psychiatric care beds in hospitals (HP.1),UK,United Kingdom,2000,,54117.00,,,,,
dataflow,ESTAT:HLTH_RS_BDS(1.0),Hospital beds by type of care - historical data (1960-2020),A,Annual,NR,Number,HBEDI_PSY,Psychiatric care beds in hospitals (HP.1),UK,United Kingdom,2001,,51864.00,,,,,
dataflow,ESTAT:HLTH_RS_BDS(1.0),Hospital beds by type of care - historical data (1960-2020),A,Annual,NR,Number,HBEDI_PSY,Psychiatric care beds in hospitals (HP.1),UK,United Kingdom,2002,,50253.00,,,,,
dataflow,ESTAT:HLTH_RS_BDS(1.0),Hospital beds by type of care - historical data (1960-2020),A,Annual,NR,Number,HBEDI_PSY,Psychiatric care beds in hospitals (HP.1),UK,United Kingdom,2003,,49410.00,,,,,
dataflow,ESTAT:HLTH_RS_BDS(1.0),Hospital beds by type of care - historical data (1960-2020),A,Annual,NR,Number,HBEDI_PSY,Psychiatric care beds in hospitals (HP.1),UK,United Kingdom,2004,,47033.00,,,,,
dataflow,ESTAT:HLTH_RS_BDS(1.0),Hospital beds by type of care - historical data (1960-2020),A,Annual,NR,Number,HBEDI_PSY,Psychiatric care beds in hospitals (HP.1),UK,United Kingdom,2005,,44537.00,,,,,
dataflow,ESTAT:HLTH_RS_BDS(1.0),Hospital beds by type of care - historical data (1960-2020),A,Annual,NR,Number,HBEDI_PSY,Psychiatric care beds in hospitals (HP.1),UK,United Kingdom,2006,,41850.00,,,,,
dataflow,ESTAT:HLTH_RS_BDS(1.0),Hospital beds by type of care - historical data (1960-2020),A,Annual,NR,Number,HBEDI_PSY,Psychiatric care beds in hospitals (HP.1),UK,United Kingdom,2007,,40118.00,,,,,
dataflow,ESTAT:HLTH_RS_BDS(1.0),Hospital beds by type of care - historical data (1960-2020),A,Annual,NR,Number,HBEDI_PSY,Psychiatric care beds in hospitals (HP.1),UK,United Kingdom,2008,,38967.00,,,,,
dataflow,ESTAT:HLTH_RS_BDS(1.0),Hospital beds by type of care - historical data (1960-2020),A,Annual,NR,Number,HBEDI_PSY,Psychiatric care beds in hospitals (HP.1),UK,United Kingdom,2009,,37457.00,,,,,
dataflow,ESTAT:HLTH_RS_BDS(1.0),Hospital beds by type of care - historical data (1960-2020),A,Annual,NR,Number,HBEDI_PSY,Psychiatric care beds in hospitals (HP.1),UK,United Kingdom,2010,,33894.00,,b,break in time series,,
dataflow,ESTAT:HLTH_RS_BDS(1.0),Hospital beds by type of care - historical data (1960-2020),A,Annual,NR,Number,HBEDI_PSY,Psychiatric care beds in hospitals (HP.1),UK,United Kingdom,2011,,32910.00,,,,,
dataflow,ESTAT:HLTH_RS_BDS(1.0),Hospital beds by type of care - historical data (1960-2020),A,Annual,NR,Number,HBEDI_PSY,Psychiatric care beds in hospitals (HP.1),UK,United Kingdom,2012,,31625.00,,,,,
dataflow,ESTAT:HLTH_RS_BDS(1.0),Hospital beds by type of care - historical data (1960-2020),A,Annual,NR,Number,HBEDI_PSY,Psychiatric care beds in hospitals (HP.1),UK,United Kingdom,2013,,30677.00,,,,,
dataflow,ESTAT:HLTH_RS_BDS(1.0),Hospital beds by type of care - historical data (1960-2020),A,Annual,NR,Number,HBEDI_PSY,Psychiatric care beds in hospitals (HP.1),UK,United Kingdom,2014,,29782.00,,,,,
dataflow,ESTAT:HLTH_RS_BDS(1.0),Hospital beds by type of care - historical data (1960-2020),A,Annual,NR,Number,HBEDI_PSY,Psychiatric care beds in hospitals (HP.1),UK,United Kingdom,2015,,27040.00,,,,,
dataflow,ESTAT:HLTH_RS_BDS(1.0),Hospital beds by type of care - historical data (1960-2020),A,Annual,NR,Number,HBEDI_PSY,Psychiatric care beds in hospitals (HP.1),UK,United Kingdom,2016,,26058.00,,,,,
dataflow,ESTAT:HLTH_RS_BDS(1.0),Hospital beds by type of care - historical data (1960-2020),A,Annual,NR,Number,HBEDI_PSY,Psychiatric care beds in hospitals (HP.1),UK,United Kingdom,2017,,25398.00,,,,,
dataflow,ESTAT:HLTH_RS_BDS(1.0),Hospital beds by type of care - historical data (1960-2020),A,Annual,NR,Number,HBEDI_PSY,Psychiatric care beds in hospitals (HP.1),UK,United Kingdom,2018,,24523.89,,e,estimated,,
dataflow,ESTAT:HLTH_RS_BDS(1.0),Hospital beds by type of care - historical data (1960-2020),A,Annual,NR,Number,HBEDI_PSY,Psychiatric care beds in hospitals (HP.1),UK,United Kingdom,2019,,23657.93,,p,provisional,,
